City,Metro,Date,All Beds,1 Beds,2 Beds
San Francisco,Bay Area,1/1/2011,"2,451","2,176","2,611"
San Francisco,Bay Area,2/1/2011,"2,563","2,201","2,768"
San Francisco,Bay Area,3/1/2011,"2,535","2,216","2,714"
San Francisco,Bay Area,4/1/2011,"2,519","2,197","2,759"
San Francisco,Bay Area,5/1/2011,"2,594","2,112","2,923"
San Francisco,Bay Area,6/1/2011,"2,534","2,044","2,856"
San Francisco,Bay Area,7/1/2011,"2,426","2,014","2,811"
San Francisco,Bay Area,8/1/2011,"2,563","2,328","3,125"
San Francisco,Bay Area,9/1/2011,"2,840","2,593","3,575"
San Francisco,Bay Area,10/1/2011,"3,055","2,709","3,880"
San Francisco,Bay Area,11/1/2011,"3,174","2,840","3,915"
San Francisco,Bay Area,12/1/2011,"3,066","2,745","3,784"
San Francisco,Bay Area,1/1/2012,"3,103","2,789","3,793"
San Francisco,Bay Area,2/1/2012,"3,098","2,874","3,738"
San Francisco,Bay Area,3/1/2012,"2,777","2,649","3,281"
San Francisco,Bay Area,4/1/2012,"3,109","2,835","3,792"
San Francisco,Bay Area,5/1/2012,"3,010","2,872","3,661"
San Francisco,Bay Area,6/1/2012,"2,940","2,716","3,685"
San Francisco,Bay Area,7/1/2012,"3,074","2,819","3,666"
San Francisco,Bay Area,8/1/2012,"3,141","2,881","3,642"
San Francisco,Bay Area,9/1/2012,"3,112","2,818","3,602"
San Francisco,Bay Area,10/1/2012,"3,094","2,816","3,641"
San Francisco,Bay Area,11/1/2012,"3,047","2,735","3,593"
San Francisco,Bay Area,12/1/2012,"2,898","2,661","3,394"
San Francisco,Bay Area,1/1/2013,"2,978","2,676","3,621"
San Francisco,Bay Area,2/1/2013,"2,934","2,723","3,585"
San Francisco,Bay Area,3/1/2013,"3,159","2,878","3,937"
San Francisco,Bay Area,4/1/2013,"3,178","2,955","3,967"
San Francisco,Bay Area,5/1/2013,"3,264","2,957","4,071"
San Francisco,Bay Area,6/1/2013,"3,429","3,222","4,265"
San Francisco,Bay Area,7/1/2013,"3,407","3,081","4,226"
San Francisco,Bay Area,8/1/2013,"3,415","2,900","4,152"
San Francisco,Bay Area,9/1/2013,"3,356","2,903","4,085"
San Francisco,Bay Area,10/1/2013,"3,398","3,000","4,197"
San Francisco,Bay Area,11/1/2013,"3,384","2,936","4,191"
San Francisco,Bay Area,12/1/2013,"3,431","2,944","4,099"
San Francisco,Bay Area,1/1/2014,"3,358","2,957","3,983"
San Francisco,Bay Area,2/1/2014,"3,407","3,045","4,045"
San Francisco,Bay Area,3/1/2014,"3,378","2,996","4,024"
San Francisco,Bay Area,4/1/2014,"3,362","3,027","4,106"
San Francisco,Bay Area,5/1/2014,"3,399","3,090","4,298"
San Francisco,Bay Area,6/1/2014,"3,418","3,134","4,287"
San Francisco,Bay Area,7/1/2014,"3,524","3,180","4,338"
San Francisco,Bay Area,8/1/2014,"3,532","3,183","4,345"
San Francisco,Bay Area,9/1/2014,"3,485","3,164","4,324"
San Francisco,Bay Area,10/1/2014,"3,458","3,207","4,307"
San Francisco,Bay Area,11/1/2014,"3,553","3,218","4,456"
San Francisco,Bay Area,12/1/2014,"3,577","3,232","4,442"
San Francisco,Bay Area,1/1/2015,"3,582","3,285","4,567"
San Francisco,Bay Area,2/1/2015,"3,464","3,246","4,504"
San Francisco,Bay Area,3/1/2015,"3,691","3,343","4,537"
San Francisco,Bay Area,4/1/2015,"3,652","3,348","4,377"
San Francisco,Bay Area,5/1/2015,"3,697","3,370","4,419"
San Francisco,Bay Area,6/1/2015,"3,847","3,411","4,566"
San Francisco,Bay Area,7/1/2015,"3,829","3,448","4,687"
San Francisco,Bay Area,8/1/2015,"3,815","3,491","4,720"
San Francisco,Bay Area,9/1/2015,"3,769","3,483","4,663"
San Francisco,Bay Area,10/1/2015,"3,852","3,449","4,650"
San Francisco,Bay Area,11/1/2015,"3,798","3,425","4,568"
San Francisco,Bay Area,12/1/2015,"3,754","3,410","4,544"
San Francisco,Bay Area,1/1/2016,"3,772","3,451","4,556"
San Francisco,Bay Area,2/1/2016,"3,814","3,448","4,610"
San Francisco,Bay Area,3/1/2016,"3,842","3,434","4,646"
San Francisco,Bay Area,4/1/2016,"4,040","3,544","4,840"
San Francisco,Bay Area,5/1/2016,"4,003","3,540","4,790"
San Francisco,Bay Area,6/1/2016,"3,907","3,490","4,754"
San Francisco,Bay Area,7/1/2016,"3,907","3,448","4,756"
San Francisco,Bay Area,8/1/2016,"3,866","3,367","4,683"
San Francisco,Bay Area,9/1/2016,"3,825","3,382","4,621"
San Francisco,Bay Area,10/1/2016,"3,799","3,373","4,576"
San Francisco,Bay Area,11/1/2016,"3,716","3,336","4,469"
San Francisco,Bay Area,12/1/2016,"3,768","3,357","4,487"
San Francisco,Bay Area,1/1/2017,"3,871","3,407","4,631"
San Francisco,Bay Area,2/1/2017,"3,809","3,368","4,597"
San Francisco,Bay Area,3/1/2017,"3,728","3,364","4,535"
San Francisco,Bay Area,4/1/2017,"3,703","3,363","4,539"
San Francisco,Bay Area,5/1/2017,"3,739","3,448","4,571"
San Francisco,Bay Area,6/1/2017,"3,803","3,500","4,637"
San Francisco,Bay Area,7/1/2017,"3,828","3,491","4,669"
San Francisco,Bay Area,8/1/2017,"3,737","3,402","4,611"
San Francisco,Bay Area,9/1/2017,"3,684","3,398","4,555"
San Francisco,Bay Area,10/1/2017,"3,671","3,377","4,519"
San Francisco,Bay Area,11/1/2017,"3,615","3,354","4,451"
San Francisco,Bay Area,12/1/2017,"3,624","3,372","4,446"
San Francisco,Bay Area,1/1/2018,"3,670","3,405","4,492"
San Francisco,Bay Area,2/1/2018,"3,600","3,341","4,423"
San Francisco,Bay Area,3/1/2018,"3,558","3,281","4,431"
San Francisco,Bay Area,4/1/2018,"3,552","3,262","4,453"
San Francisco,Bay Area,5/1/2018,"3,621","3,295","4,484"
San Francisco,Bay Area,6/1/2018,"3,697","3,334","4,509"
San Francisco,Bay Area,7/1/2018,"3,738","3,340","4,602"
San Francisco,Bay Area,8/1/2018,"3,754","3,363","4,567"
San Francisco,Bay Area,9/1/2018,"3,735","3,334","4,552"
San Francisco,Bay Area,10/1/2018,"3,694","3,303","4,481"
San Francisco,Bay Area,11/1/2018,"3,677","3,294","4,460"
San Francisco,Bay Area,12/1/2018,"3,693","3,304","4,494"
San Francisco,Bay Area,1/1/2019,"3,772","3,412","4,553"
San Francisco,Bay Area,2/1/2019,"3,787","3,402","4,494"
San Francisco,Bay Area,3/1/2019,"3,811","3,448","4,542"
San Francisco,Bay Area,4/1/2019,"3,933","3,600","4,690"
San Francisco,Bay Area,10/1/2019,"3,870","3,601","4,713"
San Francisco,Bay Area,11/1/2019,"3,780","3,513","4,597"
San Francisco,Bay Area,12/1/2019,"3,807","3,468","4,610"
San Francisco,Bay Area,1/1/2020,"3,783","3,438","4,520"
San Francisco,Bay Area,3/1/2020,"3,758","3,446","4,498"
San Francisco,Bay Area,4/1/2020,"3,767","3,411","4,483"
San Francisco,Bay Area,5/1/2020,"3,788","3,422","4,514"
Oakland,Bay Area,1/1/2011,"1,695","1,264","1,904"
Oakland,Bay Area,2/1/2011,"1,798","1,311","2,019"
Oakland,Bay Area,3/1/2011,"1,685","1,364","1,915"
Oakland,Bay Area,4/1/2011,"1,725","1,371","1,928"
Oakland,Bay Area,5/1/2011,"1,681","1,316","1,940"
Oakland,Bay Area,6/1/2011,"1,712","1,308","1,951"
Oakland,Bay Area,7/1/2011,"1,653","1,284","1,784"
Oakland,Bay Area,8/1/2011,"1,391","1,144","1,494"
Oakland,Bay Area,9/1/2011,"1,475","1,216","1,576"
Oakland,Bay Area,10/1/2011,"1,555","1,292","1,655"
Oakland,Bay Area,11/1/2011,"1,590","1,290","1,632"
Oakland,Bay Area,12/1/2011,"1,528","1,249","1,590"
Oakland,Bay Area,1/1/2012,"1,589","1,322","1,660"
Oakland,Bay Area,2/1/2012,"1,658","1,317","1,726"
Oakland,Bay Area,3/1/2012,"1,668","1,205","1,649"
Oakland,Bay Area,4/1/2012,"1,779","1,384","1,728"
Oakland,Bay Area,5/1/2012,"1,855","1,481","1,850"
Oakland,Bay Area,6/1/2012,"1,842","1,487","1,876"
Oakland,Bay Area,7/1/2012,"1,965","1,723","2,003"
Oakland,Bay Area,8/1/2012,"1,956","1,717","2,078"
Oakland,Bay Area,9/1/2012,"1,991","1,746","2,154"
Oakland,Bay Area,10/1/2012,"1,969","1,704","2,028"
Oakland,Bay Area,11/1/2012,"1,977","1,829","1,937"
Oakland,Bay Area,12/1/2012,"2,009","1,831","2,044"
Oakland,Bay Area,1/1/2013,"1,872","1,652","1,807"
Oakland,Bay Area,2/1/2013,"1,857","1,579","1,910"
Oakland,Bay Area,3/1/2013,"1,837","1,528","1,928"
Oakland,Bay Area,4/1/2013,"1,923","1,639","2,080"
Oakland,Bay Area,5/1/2013,"2,099","1,808","2,293"
Oakland,Bay Area,6/1/2013,"2,148","1,866","2,370"
Oakland,Bay Area,7/1/2013,"2,091","1,806","2,252"
Oakland,Bay Area,8/1/2013,"2,072","1,820","2,225"
Oakland,Bay Area,9/1/2013,"2,209","1,982","2,385"
Oakland,Bay Area,10/1/2013,"2,050","1,902","2,172"
Oakland,Bay Area,11/1/2013,"1,967","1,745","1,965"
Oakland,Bay Area,12/1/2013,"2,040","1,821","2,183"
Oakland,Bay Area,1/1/2014,"2,155","1,939","2,371"
Oakland,Bay Area,2/1/2014,"2,127","1,868","2,354"
Oakland,Bay Area,3/1/2014,"2,225","1,927","2,411"
Oakland,Bay Area,4/1/2014,"2,428","2,019","2,698"
Oakland,Bay Area,5/1/2014,"2,261","1,939","2,588"
Oakland,Bay Area,6/1/2014,"2,214","1,888","2,539"
Oakland,Bay Area,7/1/2014,"2,271","1,902","2,540"
Oakland,Bay Area,8/1/2014,"2,158","1,861","2,412"
Oakland,Bay Area,9/1/2014,"2,099","1,853","2,354"
Oakland,Bay Area,10/1/2014,"2,107","1,913","2,372"
Oakland,Bay Area,11/1/2014,"2,108","1,865","2,418"
Oakland,Bay Area,12/1/2014,"2,216","1,983","2,523"
Oakland,Bay Area,1/1/2015,"2,234","1,993","2,548"
Oakland,Bay Area,2/1/2015,"2,311","2,085","2,663"
Oakland,Bay Area,3/1/2015,"2,521","2,268","2,804"
Oakland,Bay Area,4/1/2015,"2,650","2,307","2,940"
Oakland,Bay Area,5/1/2015,"2,577","2,236","2,840"
Oakland,Bay Area,6/1/2015,"2,521","2,133","2,798"
Oakland,Bay Area,7/1/2015,"2,549","2,186","2,855"
Oakland,Bay Area,8/1/2015,"2,495","2,203","2,781"
Oakland,Bay Area,9/1/2015,"2,555","2,266","2,751"
Oakland,Bay Area,10/1/2015,"2,586","2,298","2,801"
Oakland,Bay Area,11/1/2015,"2,635","2,352","2,933"
Oakland,Bay Area,12/1/2015,"2,648","2,351","3,042"
Oakland,Bay Area,1/1/2016,"2,634","2,344","2,970"
Oakland,Bay Area,2/1/2016,"2,560","2,286","2,846"
Oakland,Bay Area,3/1/2016,"2,835","2,472","3,194"
Oakland,Bay Area,4/1/2016,"2,933","2,479","3,409"
Oakland,Bay Area,5/1/2016,"2,939","2,472","3,411"
Oakland,Bay Area,6/1/2016,"2,875","2,472","3,252"
Oakland,Bay Area,7/1/2016,"2,912","2,488","3,248"
Oakland,Bay Area,8/1/2016,"2,880","2,503","3,244"
Oakland,Bay Area,9/1/2016,"2,760","2,409","3,096"
Oakland,Bay Area,10/1/2016,"2,778","2,420","3,075"
Oakland,Bay Area,11/1/2016,"2,728","2,366","3,036"
Oakland,Bay Area,12/1/2016,"2,754","2,330","3,096"
Oakland,Bay Area,1/1/2017,"2,768","2,356","3,071"
Oakland,Bay Area,2/1/2017,"2,778","2,374","3,065"
Oakland,Bay Area,3/1/2017,"2,731","2,330","3,120"
Oakland,Bay Area,4/1/2017,"2,781","2,394","3,225"
Oakland,Bay Area,5/1/2017,"2,840","2,424","3,246"
Oakland,Bay Area,6/1/2017,"2,790","2,397","3,188"
Oakland,Bay Area,7/1/2017,"2,723","2,384","3,048"
Oakland,Bay Area,8/1/2017,"2,715","2,374","3,009"
Oakland,Bay Area,9/1/2017,"2,702","2,390","2,987"
Oakland,Bay Area,10/1/2017,"2,682","2,359","2,951"
Oakland,Bay Area,11/1/2017,"2,591","2,273","2,862"
Oakland,Bay Area,12/1/2017,"2,538","2,274","2,788"
Oakland,Bay Area,1/1/2018,"2,575","2,304","2,788"
Oakland,Bay Area,2/1/2018,"2,655","2,360","2,912"
Oakland,Bay Area,3/1/2018,"2,657","2,350","2,961"
Oakland,Bay Area,4/1/2018,"2,740","2,406","3,089"
Oakland,Bay Area,5/1/2018,"2,998","2,551","3,433"
Oakland,Bay Area,6/1/2018,"2,997","2,583","3,407"
Oakland,Bay Area,7/1/2018,"2,993","2,621","3,416"
Oakland,Bay Area,8/1/2018,"2,923","2,584","3,299"
Oakland,Bay Area,9/1/2018,"2,926","2,535","3,304"
Oakland,Bay Area,10/1/2018,"2,876","2,506","3,247"
Oakland,Bay Area,11/1/2018,"2,848","2,478","3,249"
Oakland,Bay Area,12/1/2018,"2,866","2,503","3,251"
Oakland,Bay Area,1/1/2019,"2,950","2,567","3,335"
Oakland,Bay Area,2/1/2019,"2,947","2,560","3,336"
Oakland,Bay Area,3/1/2019,"2,992","2,599","3,369"
Oakland,Bay Area,4/1/2019,"3,040","2,636","3,423"
Oakland,Bay Area,10/1/2019,"2,863","2,549","3,219"
Oakland,Bay Area,11/1/2019,"2,858","2,538","3,175"
Oakland,Bay Area,12/1/2019,"2,863","2,551","3,171"
Oakland,Bay Area,1/1/2020,"2,712","2,417","3,027"
Oakland,Bay Area,3/1/2020,"2,769","2,464","3,072"
Oakland,Bay Area,4/1/2020,"2,791","2,460","3,150"
Oakland,Bay Area,5/1/2020,"2,922","2,497","3,347"
San Jose,Bay Area,1/1/2011,"1,742","1,467","1,926"
San Jose,Bay Area,2/1/2011,"1,733","1,470","1,951"
San Jose,Bay Area,3/1/2011,"1,786","1,480","2,038"
San Jose,Bay Area,4/1/2011,"1,758","1,513","1,969"
San Jose,Bay Area,5/1/2011,"1,679","1,397","1,924"
San Jose,Bay Area,6/1/2011,"1,633","1,354","1,882"
San Jose,Bay Area,7/1/2011,"1,633","1,351","1,851"
San Jose,Bay Area,8/1/2011,"1,825","1,534","1,987"
San Jose,Bay Area,9/1/2011,"1,959","1,646","2,116"
San Jose,Bay Area,10/1/2011,"1,940","1,671","2,079"
San Jose,Bay Area,11/1/2011,"1,905","1,655","2,053"
San Jose,Bay Area,12/1/2011,"1,902","1,630","2,055"
San Jose,Bay Area,1/1/2012,"1,989","1,688","2,142"
San Jose,Bay Area,2/1/2012,"2,022","1,735","2,146"
San Jose,Bay Area,3/1/2012,"2,036","1,814","2,121"
San Jose,Bay Area,4/1/2012,"2,029","1,758","2,181"
San Jose,Bay Area,5/1/2012,"2,074","1,799","2,224"
San Jose,Bay Area,6/1/2012,"2,101","1,813","2,211"
San Jose,Bay Area,7/1/2012,"2,184","1,864","2,340"
San Jose,Bay Area,8/1/2012,"2,132","1,832","2,285"
San Jose,Bay Area,9/1/2012,"2,086","1,797","2,212"
San Jose,Bay Area,10/1/2012,"2,055","1,792","2,177"
San Jose,Bay Area,11/1/2012,"2,020","1,753","2,142"
San Jose,Bay Area,12/1/2012,"2,006","1,723","2,126"
San Jose,Bay Area,1/1/2013,"2,052","1,745","2,192"
San Jose,Bay Area,2/1/2013,"2,078","1,742","2,244"
San Jose,Bay Area,3/1/2013,"2,130","1,796","2,338"
San Jose,Bay Area,4/1/2013,"2,167","1,847","2,378"
San Jose,Bay Area,5/1/2013,"2,173","1,865","2,420"
San Jose,Bay Area,6/1/2013,"2,252","1,900","2,508"
San Jose,Bay Area,7/1/2013,"2,242","1,923","2,476"
San Jose,Bay Area,8/1/2013,"2,213","1,902","2,421"
San Jose,Bay Area,9/1/2013,"2,189","1,844","2,351"
San Jose,Bay Area,10/1/2013,"2,193","1,870","2,355"
San Jose,Bay Area,11/1/2013,"2,179","1,843","2,341"
San Jose,Bay Area,12/1/2013,"2,254","1,910","2,422"
San Jose,Bay Area,1/1/2014,"2,289","1,962","2,450"
San Jose,Bay Area,2/1/2014,"2,311","1,970","2,493"
San Jose,Bay Area,3/1/2014,"2,296","1,997","2,499"
San Jose,Bay Area,4/1/2014,"2,352","2,044","2,548"
San Jose,Bay Area,5/1/2014,"2,379","2,047","2,601"
San Jose,Bay Area,6/1/2014,"2,449","2,102","2,686"
San Jose,Bay Area,7/1/2014,"2,503","2,139","2,726"
San Jose,Bay Area,8/1/2014,"2,512","2,146","2,737"
San Jose,Bay Area,9/1/2014,"2,511","2,157","2,730"
San Jose,Bay Area,10/1/2014,"2,513","2,156","2,735"
San Jose,Bay Area,11/1/2014,"2,515","2,146","2,726"
San Jose,Bay Area,12/1/2014,"2,517","2,159","2,738"
San Jose,Bay Area,1/1/2015,"2,525","2,188","2,778"
San Jose,Bay Area,2/1/2015,"2,510","2,195","2,784"
San Jose,Bay Area,3/1/2015,"2,628","2,306","2,880"
San Jose,Bay Area,4/1/2015,"2,656","2,330","2,873"
San Jose,Bay Area,5/1/2015,"2,712","2,379","2,910"
San Jose,Bay Area,6/1/2015,"2,807","2,418","3,003"
San Jose,Bay Area,7/1/2015,"2,826","2,479","3,058"
San Jose,Bay Area,8/1/2015,"2,830","2,485","3,066"
San Jose,Bay Area,9/1/2015,"2,836","2,475","3,101"
San Jose,Bay Area,10/1/2015,"2,806","2,455","3,081"
San Jose,Bay Area,11/1/2015,"2,786","2,449","3,062"
San Jose,Bay Area,12/1/2015,"2,791","2,469","3,073"
San Jose,Bay Area,1/1/2016,"2,806","2,486","3,065"
San Jose,Bay Area,2/1/2016,"2,844","2,514","3,105"
San Jose,Bay Area,3/1/2016,"2,928","2,575","3,190"
San Jose,Bay Area,4/1/2016,"2,946","2,523","3,237"
San Jose,Bay Area,5/1/2016,"2,948","2,530","3,247"
San Jose,Bay Area,6/1/2016,"2,972","2,548","3,267"
San Jose,Bay Area,7/1/2016,"3,005","2,563","3,306"
San Jose,Bay Area,8/1/2016,"2,936","2,527","3,205"
San Jose,Bay Area,9/1/2016,"2,883","2,490","3,122"
San Jose,Bay Area,10/1/2016,"2,862","2,504","3,075"
San Jose,Bay Area,11/1/2016,"2,822","2,473","3,042"
San Jose,Bay Area,12/1/2016,"2,851","2,471","3,079"
San Jose,Bay Area,1/1/2017,"2,954","2,487","3,193"
San Jose,Bay Area,2/1/2017,"2,936","2,473","3,178"
San Jose,Bay Area,3/1/2017,"2,830","2,432","3,077"
San Jose,Bay Area,4/1/2017,"2,830","2,442","3,103"
San Jose,Bay Area,5/1/2017,"2,842","2,477","3,115"
San Jose,Bay Area,6/1/2017,"2,853","2,509","3,132"
San Jose,Bay Area,7/1/2017,"2,868","2,514","3,123"
San Jose,Bay Area,8/1/2017,"2,830","2,495","3,060"
San Jose,Bay Area,9/1/2017,"2,818","2,495","3,032"
San Jose,Bay Area,10/1/2017,"2,786","2,475","3,005"
San Jose,Bay Area,11/1/2017,"2,726","2,430","2,976"
San Jose,Bay Area,12/1/2017,"2,695","2,405","2,952"
San Jose,Bay Area,1/1/2018,"2,736","2,432","2,999"
San Jose,Bay Area,2/1/2018,"2,804","2,479","3,085"
San Jose,Bay Area,3/1/2018,"2,801","2,466","3,093"
San Jose,Bay Area,4/1/2018,"2,836","2,493","3,161"
San Jose,Bay Area,5/1/2018,"3,005","2,623","3,278"
San Jose,Bay Area,6/1/2018,"3,050","2,666","3,325"
San Jose,Bay Area,7/1/2018,"3,057","2,685","3,320"
San Jose,Bay Area,8/1/2018,"2,984","2,635","3,222"
San Jose,Bay Area,9/1/2018,"2,962","2,613","3,190"
San Jose,Bay Area,10/1/2018,"2,963","2,611","3,180"
San Jose,Bay Area,11/1/2018,"2,931","2,584","3,154"
San Jose,Bay Area,12/1/2018,"2,941","2,579","3,168"
San Jose,Bay Area,1/1/2019,"3,005","2,616","3,232"
San Jose,Bay Area,2/1/2019,"3,029","2,639","3,263"
San Jose,Bay Area,3/1/2019,"3,065","2,672","3,297"
San Jose,Bay Area,4/1/2019,"3,064","2,693","3,301"
San Jose,Bay Area,10/1/2019,"3,054","2,707","3,314"
San Jose,Bay Area,11/1/2019,"3,037","2,692","3,289"
San Jose,Bay Area,12/1/2019,"3,028","2,667","3,260"
San Jose,Bay Area,1/1/2020,"2,981","2,635","3,189"
San Jose,Bay Area,3/1/2020,"3,044","2,687","3,271"
San Jose,Bay Area,4/1/2020,"2,985","2,632","3,206"
San Jose,Bay Area,5/1/2020,"2,985","2,619","3,241"
Seattle,Seattle,1/1/2011,"1,207",925,"1,453"
Seattle,Seattle,2/1/2011,"1,221",913,"1,545"
Seattle,Seattle,3/1/2011,"1,214",936,"1,505"
Seattle,Seattle,4/1/2011,"1,229",968,"1,501"
Seattle,Seattle,5/1/2011,"1,260",997,"1,478"
Seattle,Seattle,6/1/2011,"1,315",975,"1,478"
Seattle,Seattle,7/1/2011,"1,292",981,"1,450"
Seattle,Seattle,8/1/2011,"1,315","1,086","1,558"
Seattle,Seattle,9/1/2011,"1,368","1,238","1,614"
Seattle,Seattle,10/1/2011,"1,377","1,245","1,639"
Seattle,Seattle,11/1/2011,"1,373","1,256","1,649"
Seattle,Seattle,12/1/2011,"1,356","1,238","1,642"
Seattle,Seattle,1/1/2012,"1,341","1,226","1,576"
Seattle,Seattle,2/1/2012,"1,343","1,249","1,614"
Seattle,Seattle,3/1/2012,"1,360","1,271","1,639"
Seattle,Seattle,4/1/2012,"1,412","1,334","1,715"
Seattle,Seattle,5/1/2012,"1,392","1,285","1,736"
Seattle,Seattle,6/1/2012,"1,435","1,291","1,774"
Seattle,Seattle,7/1/2012,"1,520","1,375","1,826"
Seattle,Seattle,8/1/2012,"1,515","1,392","1,714"
Seattle,Seattle,9/1/2012,"1,585","1,417","1,803"
Seattle,Seattle,10/1/2012,"1,537","1,426","1,836"
Seattle,Seattle,11/1/2012,"1,541","1,424","1,868"
Seattle,Seattle,12/1/2012,"1,495","1,389","1,894"
Seattle,Seattle,1/1/2013,"1,503","1,420","1,965"
Seattle,Seattle,2/1/2013,"1,548","1,490","1,983"
Seattle,Seattle,3/1/2013,"1,698","1,504","2,162"
Seattle,Seattle,4/1/2013,"1,788","1,555","2,337"
Seattle,Seattle,5/1/2013,"1,664","1,519","2,125"
Seattle,Seattle,6/1/2013,"1,752","1,569","2,248"
Seattle,Seattle,7/1/2013,"1,726","1,542","2,208"
Seattle,Seattle,8/1/2013,"1,732","1,558","2,226"
Seattle,Seattle,9/1/2013,"1,740","1,570","2,215"
Seattle,Seattle,10/1/2013,"1,749","1,598","2,279"
Seattle,Seattle,11/1/2013,"1,693","1,545","2,153"
Seattle,Seattle,12/1/2013,"1,670","1,512","2,083"
Seattle,Seattle,1/1/2014,"1,657","1,498","2,008"
Seattle,Seattle,2/1/2014,"1,702","1,524","2,097"
Seattle,Seattle,3/1/2014,"1,760","1,558","2,136"
Seattle,Seattle,4/1/2014,"1,764","1,607","2,227"
Seattle,Seattle,5/1/2014,"1,823","1,637","2,298"
Seattle,Seattle,6/1/2014,"1,843","1,665","2,316"
Seattle,Seattle,7/1/2014,"1,861","1,644","2,343"
Seattle,Seattle,8/1/2014,"1,826","1,600","2,298"
Seattle,Seattle,9/1/2014,"1,839","1,622","2,315"
Seattle,Seattle,10/1/2014,"1,830","1,613","2,283"
Seattle,Seattle,11/1/2014,"1,809","1,608","2,287"
Seattle,Seattle,12/1/2014,"1,811","1,605","2,289"
Seattle,Seattle,1/1/2015,"1,821","1,640","2,349"
Seattle,Seattle,2/1/2015,"1,819","1,663","2,346"
Seattle,Seattle,3/1/2015,"1,857","1,721","2,367"
Seattle,Seattle,4/1/2015,"1,865","1,728","2,380"
Seattle,Seattle,5/1/2015,"1,887","1,734","2,406"
Seattle,Seattle,6/1/2015,"1,921","1,756","2,427"
Seattle,Seattle,7/1/2015,"1,963","1,785","2,460"
Seattle,Seattle,8/1/2015,"1,992","1,815","2,483"
Seattle,Seattle,9/1/2015,"1,990","1,829","2,486"
Seattle,Seattle,10/1/2015,"2,013","1,846","2,541"
Seattle,Seattle,11/1/2015,"2,000","1,830","2,544"
Seattle,Seattle,12/1/2015,"1,987","1,822","2,535"
Seattle,Seattle,1/1/2016,"2,007","1,840","2,557"
Seattle,Seattle,2/1/2016,"2,013","1,852","2,549"
Seattle,Seattle,3/1/2016,"2,062","1,897","2,653"
Seattle,Seattle,4/1/2016,"2,096","1,925","2,665"
Seattle,Seattle,5/1/2016,"2,146","1,969","2,739"
Seattle,Seattle,6/1/2016,"2,191","2,005","2,802"
Seattle,Seattle,7/1/2016,"2,179","1,999","2,796"
Seattle,Seattle,8/1/2016,"2,154","1,980","2,796"
Seattle,Seattle,9/1/2016,"2,154","1,967","2,795"
Seattle,Seattle,10/1/2016,"2,133","1,949","2,761"
Seattle,Seattle,11/1/2016,"2,109","1,924","2,705"
Seattle,Seattle,12/1/2016,"2,101","1,917","2,689"
Seattle,Seattle,1/1/2017,"2,126","1,946","2,736"
Seattle,Seattle,2/1/2017,"2,141","1,978","2,746"
Seattle,Seattle,3/1/2017,"2,113","1,959","2,667"
Seattle,Seattle,4/1/2017,"2,146","2,004","2,734"
Seattle,Seattle,5/1/2017,"2,176","2,047","2,743"
Seattle,Seattle,6/1/2017,"2,210","2,063","2,788"
Seattle,Seattle,7/1/2017,"2,210","2,069","2,803"
Seattle,Seattle,8/1/2017,"2,195","2,066","2,763"
Seattle,Seattle,9/1/2017,"2,181","2,048","2,805"
Seattle,Seattle,10/1/2017,"2,138","2,004","2,771"
Seattle,Seattle,11/1/2017,"2,080","1,953","2,717"
Seattle,Seattle,12/1/2017,"2,071","1,949","2,694"
Seattle,Seattle,1/1/2018,"2,085","1,964","2,684"
Seattle,Seattle,2/1/2018,"2,101","1,974","2,702"
Seattle,Seattle,3/1/2018,"2,094","1,970","2,675"
Seattle,Seattle,4/1/2018,"2,105","1,987","2,687"
Seattle,Seattle,5/1/2018,"2,159","2,017","2,777"
Seattle,Seattle,6/1/2018,"2,176","2,022","2,830"
Seattle,Seattle,7/1/2018,"2,180","2,031","2,820"
Seattle,Seattle,8/1/2018,"2,177","2,020","2,807"
Seattle,Seattle,9/1/2018,"2,177","2,010","2,793"
Seattle,Seattle,10/1/2018,"2,134","1,971","2,740"
Seattle,Seattle,11/1/2018,"2,095","1,948","2,706"
Seattle,Seattle,12/1/2018,"2,081","1,934","2,698"
Seattle,Seattle,1/1/2019,"2,125","1,969","2,754"
Seattle,Seattle,2/1/2019,"2,136","1,984","2,774"
Seattle,Seattle,3/1/2019,"2,158","2,014","2,775"
Seattle,Seattle,4/1/2019,"2,167","2,040","2,789"
Seattle,Seattle,10/1/2019,"2,221","2,071","2,851"
Seattle,Seattle,11/1/2019,"2,151","2,013","2,724"
Seattle,Seattle,12/1/2019,"2,024","1,920","2,551"
Seattle,Seattle,1/1/2020,"1,955","1,857","2,450"
Seattle,Seattle,3/1/2020,"2,082","1,952","2,553"
Seattle,Seattle,4/1/2020,"2,061","1,931","2,604"
Seattle,Seattle,5/1/2020,"2,131","2,011","2,746"
Chicago,Chicago,1/1/2011,"1,510","1,451","1,801"
Chicago,Chicago,2/1/2011,"1,560","1,517","1,822"
Chicago,Chicago,3/1/2011,"1,535","1,506","1,756"
Chicago,Chicago,4/1/2011,"1,502","1,469","1,701"
Chicago,Chicago,5/1/2011,"1,369","1,334","1,487"
Chicago,Chicago,6/1/2011,"1,196","1,001","1,307"
Chicago,Chicago,7/1/2011,"1,277","1,026","1,406"
Chicago,Chicago,8/1/2011,"1,333","1,057","1,489"
Chicago,Chicago,9/1/2011,"1,446","1,168","1,660"
Chicago,Chicago,10/1/2011,"1,454","1,213","1,695"
Chicago,Chicago,11/1/2011,"1,379","1,131","1,598"
Chicago,Chicago,12/1/2011,"1,324","1,059","1,482"
Chicago,Chicago,1/1/2012,"1,387","1,121","1,646"
Chicago,Chicago,2/1/2012,"1,385","1,143","1,595"
Chicago,Chicago,3/1/2012,"1,334","1,103","1,435"
Chicago,Chicago,4/1/2012,"1,365","1,126","1,543"
Chicago,Chicago,5/1/2012,"1,400","1,183","1,609"
Chicago,Chicago,6/1/2012,"1,377","1,112","1,605"
Chicago,Chicago,7/1/2012,"1,381","1,138","1,626"
Chicago,Chicago,8/1/2012,"1,377","1,133","1,629"
Chicago,Chicago,9/1/2012,"1,465","1,246","1,768"
Chicago,Chicago,10/1/2012,"1,542","1,354","1,813"
Chicago,Chicago,11/1/2012,"1,526","1,318","1,692"
Chicago,Chicago,12/1/2012,"1,447","1,210","1,594"
Chicago,Chicago,1/1/2013,"1,439","1,217","1,542"
Chicago,Chicago,2/1/2013,"1,427","1,175","1,567"
Chicago,Chicago,3/1/2013,"1,432","1,202","1,537"
Chicago,Chicago,4/1/2013,"1,447","1,232","1,532"
Chicago,Chicago,5/1/2013,"1,481","1,250","1,610"
Chicago,Chicago,6/1/2013,"1,529","1,291","1,664"
Chicago,Chicago,7/1/2013,"1,487","1,259","1,604"
Chicago,Chicago,8/1/2013,"1,513","1,307","1,628"
Chicago,Chicago,9/1/2013,"1,492","1,268","1,601"
Chicago,Chicago,10/1/2013,"1,469","1,256","1,530"
Chicago,Chicago,11/1/2013,"1,480","1,260","1,543"
Chicago,Chicago,12/1/2013,"1,498","1,281","1,580"
Chicago,Chicago,1/1/2014,"1,512","1,293","1,612"
Chicago,Chicago,2/1/2014,"1,439","1,196","1,508"
Chicago,Chicago,3/1/2014,"1,432","1,187","1,519"
Chicago,Chicago,4/1/2014,"1,521","1,304","1,689"
Chicago,Chicago,5/1/2014,"1,645","1,408","1,929"
Chicago,Chicago,6/1/2014,"1,706","1,440","1,995"
Chicago,Chicago,7/1/2014,"1,755","1,464","2,042"
Chicago,Chicago,8/1/2014,"1,751","1,477","2,008"
Chicago,Chicago,9/1/2014,"1,976","1,515","2,614"
Chicago,Chicago,10/1/2014,"1,995","1,541","2,657"
Chicago,Chicago,11/1/2014,"1,983","1,545","2,553"
Chicago,Chicago,12/1/2014,"1,944","1,529","2,451"
Chicago,Chicago,1/1/2015,"1,933","1,560","2,484"
Chicago,Chicago,2/1/2015,"1,908","1,563","2,462"
Chicago,Chicago,3/1/2015,"1,855","1,559","2,252"
Chicago,Chicago,4/1/2015,"1,798","1,578","2,061"
Chicago,Chicago,5/1/2015,"1,813","1,580","2,032"
Chicago,Chicago,6/1/2015,"1,835","1,601","2,043"
Chicago,Chicago,7/1/2015,"1,815","1,589","2,058"
Chicago,Chicago,8/1/2015,"1,814","1,601","2,086"
Chicago,Chicago,9/1/2015,"1,822","1,597","2,090"
Chicago,Chicago,10/1/2015,"1,817","1,593","2,094"
Chicago,Chicago,11/1/2015,"1,805","1,601","2,068"
Chicago,Chicago,12/1/2015,"1,811","1,599","2,085"
Chicago,Chicago,1/1/2016,"1,810","1,628","2,066"
Chicago,Chicago,2/1/2016,"1,915","1,714","2,229"
Chicago,Chicago,3/1/2016,"1,943","1,743","2,289"
Chicago,Chicago,4/1/2016,"1,924","1,734","2,269"
Chicago,Chicago,5/1/2016,"1,962","1,760","2,289"
Chicago,Chicago,6/1/2016,"1,977","1,757","2,312"
Chicago,Chicago,7/1/2016,"1,958","1,750","2,317"
Chicago,Chicago,8/1/2016,"1,978","1,779","2,346"
Chicago,Chicago,9/1/2016,"2,058","1,857","2,448"
Chicago,Chicago,10/1/2016,"2,032","1,834","2,406"
Chicago,Chicago,11/1/2016,"1,958","1,770","2,307"
Chicago,Chicago,12/1/2016,"1,960","1,782","2,314"
Chicago,Chicago,1/1/2017,"1,942","1,747","2,280"
Chicago,Chicago,2/1/2017,"1,936","1,745","2,284"
Chicago,Chicago,3/1/2017,"1,916","1,735","2,226"
Chicago,Chicago,4/1/2017,"1,856","1,698","2,119"
Chicago,Chicago,5/1/2017,"1,831","1,684","2,047"
Chicago,Chicago,6/1/2017,"1,878","1,727","2,087"
Chicago,Chicago,7/1/2017,"1,849","1,691","2,035"
Chicago,Chicago,8/1/2017,"1,814","1,665","1,995"
Chicago,Chicago,9/1/2017,"1,798","1,649","1,987"
Chicago,Chicago,10/1/2017,"1,770","1,631","1,946"
Chicago,Chicago,11/1/2017,"1,713","1,586","1,876"
Chicago,Chicago,12/1/2017,"1,712","1,576","1,876"
Chicago,Chicago,1/1/2018,"1,745","1,597","1,927"
Chicago,Chicago,2/1/2018,"1,760","1,605","1,964"
Chicago,Chicago,3/1/2018,"1,767","1,605","1,976"
Chicago,Chicago,4/1/2018,"1,784","1,611","2,003"
Chicago,Chicago,5/1/2018,"1,842","1,651","2,105"
Chicago,Chicago,6/1/2018,"1,849","1,650","2,096"
Chicago,Chicago,7/1/2018,"1,847","1,662","2,104"
Chicago,Chicago,8/1/2018,"1,859","1,683","2,105"
Chicago,Chicago,9/1/2018,"1,878","1,701","2,135"
Chicago,Chicago,10/1/2018,"1,869","1,695","2,129"
Chicago,Chicago,11/1/2018,"1,861","1,693","2,129"
Chicago,Chicago,12/1/2018,"1,880","1,702","2,167"
Chicago,Chicago,1/1/2019,"1,951","1,774","2,251"
Chicago,Chicago,2/1/2019,"2,027","1,832","2,356"
Chicago,Chicago,3/1/2019,"2,040","1,844","2,374"
Chicago,Chicago,4/1/2019,"1,989","1,812","2,310"
Chicago,Chicago,10/1/2019,"1,868","1,687","2,257"
Chicago,Chicago,11/1/2019,"1,807","1,623","2,179"
Chicago,Chicago,12/1/2019,"1,805","1,618","2,179"
Chicago,Chicago,1/1/2020,"1,810","1,627","2,165"
Chicago,Chicago,3/1/2020,"1,913","1,743","2,286"
Chicago,Chicago,4/1/2020,"1,916","1,734","2,285"
Chicago,Chicago,5/1/2020,"1,956","1,752","2,323"
Cincinnati,Cincinnati,1/1/2011,622,480,700
Cincinnati,Cincinnati,2/1/2011,637,496,729
Cincinnati,Cincinnati,3/1/2011,692,529,796
Cincinnati,Cincinnati,4/1/2011,722,540,805
Cincinnati,Cincinnati,5/1/2011,663,545,754
Cincinnati,Cincinnati,6/1/2011,700,542,803
Cincinnati,Cincinnati,7/1/2011,716,544,906
Cincinnati,Cincinnati,8/1/2011,704,537,822
Cincinnati,Cincinnati,9/1/2011,714,571,805
Cincinnati,Cincinnati,10/1/2011,716,575,791
Cincinnati,Cincinnati,11/1/2011,762,625,866
Cincinnati,Cincinnati,12/1/2011,880,685,"1,060"
Cincinnati,Cincinnati,1/1/2012,878,712,"1,027"
Cincinnati,Cincinnati,2/1/2012,686,547,729
Cincinnati,Cincinnati,3/1/2012,674,553,714
Cincinnati,Cincinnati,4/1/2012,799,628,896
Cincinnati,Cincinnati,5/1/2012,"1,128",900,"1,383"
Cincinnati,Cincinnati,6/1/2012,"1,103",881,"1,361"
Cincinnati,Cincinnati,7/1/2012,"1,001",789,"1,257"
Cincinnati,Cincinnati,8/1/2012,986,745,"1,231"
Cincinnati,Cincinnati,9/1/2012,929,715,"1,144"
Cincinnati,Cincinnati,10/1/2012,909,783,"1,070"
Cincinnati,Cincinnati,11/1/2012,786,670,897
Cincinnati,Cincinnati,12/1/2012,764,624,897
Cincinnati,Cincinnati,1/1/2013,835,669,"1,034"
Cincinnati,Cincinnati,2/1/2013,"1,103",902,"1,361"
Cincinnati,Cincinnati,3/1/2013,"1,213","1,000","1,484"
Cincinnati,Cincinnati,4/1/2013,"1,133",920,"1,413"
Cincinnati,Cincinnati,5/1/2013,"1,060",848,"1,324"
Cincinnati,Cincinnati,6/1/2013,"1,190",945,"1,488"
Cincinnati,Cincinnati,7/1/2013,"1,046",752,"1,341"
Cincinnati,Cincinnati,8/1/2013,942,713,"1,177"
Cincinnati,Cincinnati,9/1/2013,"1,079",839,"1,361"
Cincinnati,Cincinnati,10/1/2013,"1,023",823,"1,251"
Cincinnati,Cincinnati,11/1/2013,"1,075",828,"1,358"
Cincinnati,Cincinnati,12/1/2013,"1,197",829,"1,585"
Cincinnati,Cincinnati,1/1/2014,"1,255",901,"1,680"
Cincinnati,Cincinnati,2/1/2014,793,625,942
Cincinnati,Cincinnati,3/1/2014,"1,079",899,"1,336"
Cincinnati,Cincinnati,4/1/2014,951,818,"1,106"
Cincinnati,Cincinnati,5/1/2014,835,702,909
Cincinnati,Cincinnati,6/1/2014,798,682,825
Cincinnati,Cincinnati,7/1/2014,828,694,884
Cincinnati,Cincinnati,8/1/2014,830,689,895
Cincinnati,Cincinnati,9/1/2014,825,690,890
Cincinnati,Cincinnati,10/1/2014,826,703,889
Cincinnati,Cincinnati,11/1/2014,838,711,904
Cincinnati,Cincinnati,12/1/2014,862,718,928
Cincinnati,Cincinnati,1/1/2015,885,764,999
Cincinnati,Cincinnati,2/1/2015,876,754,973
Cincinnati,Cincinnati,3/1/2015,899,758,986
Cincinnati,Cincinnati,4/1/2015,896,762,958
Cincinnati,Cincinnati,5/1/2015,895,756,955
Cincinnati,Cincinnati,6/1/2015,885,744,947
Cincinnati,Cincinnati,7/1/2015,901,762,962
Cincinnati,Cincinnati,8/1/2015,898,760,950
Cincinnati,Cincinnati,9/1/2015,916,783,986
Cincinnati,Cincinnati,10/1/2015,949,820,"1,036"
Cincinnati,Cincinnati,11/1/2015,960,844,"1,054"
Cincinnati,Cincinnati,12/1/2015,980,831,"1,084"
Cincinnati,Cincinnati,1/1/2016,988,812,"1,115"
Cincinnati,Cincinnati,2/1/2016,989,816,"1,131"
Cincinnati,Cincinnati,3/1/2016,976,847,"1,090"
Cincinnati,Cincinnati,4/1/2016,988,843,"1,125"
Cincinnati,Cincinnati,5/1/2016,"1,020",867,"1,173"
Cincinnati,Cincinnati,6/1/2016,"1,056",909,"1,203"
Cincinnati,Cincinnati,7/1/2016,"1,050",908,"1,202"
Cincinnati,Cincinnati,8/1/2016,"1,016",899,"1,151"
Cincinnati,Cincinnati,9/1/2016,"1,012",895,"1,141"
Cincinnati,Cincinnati,10/1/2016,"1,009",885,"1,142"
Cincinnati,Cincinnati,11/1/2016,994,869,"1,118"
Cincinnati,Cincinnati,12/1/2016,"1,002",869,"1,116"
Cincinnati,Cincinnati,1/1/2017,"1,008",880,"1,109"
Cincinnati,Cincinnati,2/1/2017,"1,045",907,"1,152"
Cincinnati,Cincinnati,3/1/2017,"1,043",912,"1,148"
Cincinnati,Cincinnati,4/1/2017,"1,033",902,"1,145"
Cincinnati,Cincinnati,5/1/2017,"1,051",921,"1,159"
Cincinnati,Cincinnati,6/1/2017,"1,061",936,"1,164"
Cincinnati,Cincinnati,7/1/2017,"1,048",919,"1,155"
Cincinnati,Cincinnati,8/1/2017,"1,046",918,"1,155"
Cincinnati,Cincinnati,9/1/2017,"1,022",913,"1,115"
Cincinnati,Cincinnati,10/1/2017,"1,022",921,"1,106"
Cincinnati,Cincinnati,11/1/2017,"1,028",916,"1,104"
Cincinnati,Cincinnati,12/1/2017,"1,029",912,"1,110"
Cincinnati,Cincinnati,1/1/2018,"1,025",904,"1,122"
Cincinnati,Cincinnati,2/1/2018,"1,056",935,"1,166"
Cincinnati,Cincinnati,3/1/2018,"1,063",947,"1,175"
Cincinnati,Cincinnati,4/1/2018,"1,062",940,"1,183"
Cincinnati,Cincinnati,5/1/2018,"1,117",977,"1,253"
Cincinnati,Cincinnati,6/1/2018,"1,105",964,"1,260"
Cincinnati,Cincinnati,7/1/2018,"1,124",981,"1,264"
Cincinnati,Cincinnati,8/1/2018,"1,136",987,"1,267"
Cincinnati,Cincinnati,9/1/2018,"1,140","1,004","1,260"
Cincinnati,Cincinnati,10/1/2018,"1,129",992,"1,249"
Cincinnati,Cincinnati,11/1/2018,"1,132",988,"1,251"
Cincinnati,Cincinnati,12/1/2018,"1,149",997,"1,273"
Cincinnati,Cincinnati,1/1/2019,"1,174","1,010","1,306"
Cincinnati,Cincinnati,2/1/2019,"1,178","1,021","1,299"
Cincinnati,Cincinnati,3/1/2019,"1,206","1,057","1,337"
Cincinnati,Cincinnati,4/1/2019,"1,198","1,049","1,326"
Cincinnati,Cincinnati,10/1/2019,"1,346","1,178","1,532"
Cincinnati,Cincinnati,11/1/2019,"1,284","1,133","1,485"
Cincinnati,Cincinnati,12/1/2019,"1,253","1,111","1,467"
Cincinnati,Cincinnati,1/1/2020,"1,226","1,089","1,422"
Cincinnati,Cincinnati,3/1/2020,"1,240","1,083","1,452"
Cincinnati,Cincinnati,4/1/2020,"1,207","1,046","1,390"
Cincinnati,Cincinnati,5/1/2020,"1,302","1,130","1,450"
Cleveland,Cleveland,1/1/2011,622,553,671
Cleveland,Cleveland,2/1/2011,657,556,699
Cleveland,Cleveland,3/1/2011,622,518,784
Cleveland,Cleveland,4/1/2011,617,519,782
Cleveland,Cleveland,5/1/2011,623,525,783
Cleveland,Cleveland,6/1/2011,621,525,786
Cleveland,Cleveland,7/1/2011,633,523,812
Cleveland,Cleveland,8/1/2011,732,568,866
Cleveland,Cleveland,9/1/2011,771,610,887
Cleveland,Cleveland,10/1/2011,795,634,910
Cleveland,Cleveland,11/1/2011,798,641,892
Cleveland,Cleveland,12/1/2011,783,611,887
Cleveland,Cleveland,1/1/2012,819,636,933
Cleveland,Cleveland,2/1/2012,789,629,906
Cleveland,Cleveland,3/1/2012,759,629,893
Cleveland,Cleveland,4/1/2012,787,617,944
Cleveland,Cleveland,5/1/2012,803,599,925
Cleveland,Cleveland,6/1/2012,824,604,903
Cleveland,Cleveland,7/1/2012,756,591,874
Cleveland,Cleveland,8/1/2012,750,600,877
Cleveland,Cleveland,9/1/2012,745,603,863
Cleveland,Cleveland,10/1/2012,764,616,874
Cleveland,Cleveland,11/1/2012,764,598,886
Cleveland,Cleveland,12/1/2012,740,580,837
Cleveland,Cleveland,1/1/2013,720,566,818
Cleveland,Cleveland,2/1/2013,729,578,810
Cleveland,Cleveland,3/1/2013,728,570,819
Cleveland,Cleveland,4/1/2013,718,571,840
Cleveland,Cleveland,5/1/2013,739,590,873
Cleveland,Cleveland,6/1/2013,730,584,833
Cleveland,Cleveland,7/1/2013,725,585,836
Cleveland,Cleveland,8/1/2013,694,560,765
Cleveland,Cleveland,9/1/2013,718,575,833
Cleveland,Cleveland,10/1/2013,750,610,853
Cleveland,Cleveland,11/1/2013,743,597,838
Cleveland,Cleveland,12/1/2013,732,579,838
Cleveland,Cleveland,1/1/2014,764,606,859
Cleveland,Cleveland,2/1/2014,744,592,839
Cleveland,Cleveland,3/1/2014,730,590,816
Cleveland,Cleveland,4/1/2014,775,625,853
Cleveland,Cleveland,5/1/2014,830,677,936
Cleveland,Cleveland,6/1/2014,870,721,967
Cleveland,Cleveland,7/1/2014,875,723,967
Cleveland,Cleveland,8/1/2014,847,691,932
Cleveland,Cleveland,9/1/2014,835,684,924
Cleveland,Cleveland,10/1/2014,841,692,941
Cleveland,Cleveland,11/1/2014,841,693,936
Cleveland,Cleveland,12/1/2014,847,694,922
Cleveland,Cleveland,1/1/2015,851,712,947
Cleveland,Cleveland,2/1/2015,873,733,992
Cleveland,Cleveland,3/1/2015,964,804,"1,101"
Cleveland,Cleveland,4/1/2015,961,782,"1,111"
Cleveland,Cleveland,5/1/2015,"1,002",828,"1,158"
Cleveland,Cleveland,6/1/2015,964,792,"1,093"
Cleveland,Cleveland,7/1/2015,956,801,"1,057"
Cleveland,Cleveland,8/1/2015,971,819,"1,079"
Cleveland,Cleveland,9/1/2015,962,831,"1,067"
Cleveland,Cleveland,10/1/2015,977,827,"1,097"
Cleveland,Cleveland,11/1/2015,975,840,"1,079"
Cleveland,Cleveland,12/1/2015,988,860,"1,091"
Cleveland,Cleveland,1/1/2016,"1,007",864,"1,124"
Cleveland,Cleveland,2/1/2016,988,841,"1,096"
Cleveland,Cleveland,3/1/2016,997,852,"1,106"
Cleveland,Cleveland,4/1/2016,977,812,"1,128"
Cleveland,Cleveland,5/1/2016,983,830,"1,125"
Cleveland,Cleveland,6/1/2016,999,824,"1,137"
Cleveland,Cleveland,7/1/2016,987,828,"1,116"
Cleveland,Cleveland,8/1/2016,964,824,"1,072"
Cleveland,Cleveland,9/1/2016,953,824,"1,046"
Cleveland,Cleveland,10/1/2016,956,832,"1,059"
Cleveland,Cleveland,11/1/2016,978,835,"1,101"
Cleveland,Cleveland,12/1/2016,953,810,"1,076"
Cleveland,Cleveland,1/1/2017,987,841,"1,118"
Cleveland,Cleveland,2/1/2017,"1,005",860,"1,134"
Cleveland,Cleveland,3/1/2017,"1,000",865,"1,116"
Cleveland,Cleveland,4/1/2017,"1,012",867,"1,144"
Cleveland,Cleveland,5/1/2017,962,836,"1,098"
Cleveland,Cleveland,6/1/2017,947,828,"1,065"
Cleveland,Cleveland,7/1/2017,969,851,"1,088"
Cleveland,Cleveland,8/1/2017,982,860,"1,107"
Cleveland,Cleveland,9/1/2017,989,862,"1,111"
Cleveland,Cleveland,10/1/2017,996,854,"1,125"
Cleveland,Cleveland,11/1/2017,973,828,"1,095"
Cleveland,Cleveland,12/1/2017,958,812,"1,079"
Cleveland,Cleveland,1/1/2018,964,820,"1,083"
Cleveland,Cleveland,2/1/2018,977,827,"1,101"
Cleveland,Cleveland,3/1/2018,998,847,"1,118"
Cleveland,Cleveland,4/1/2018,993,842,"1,094"
Cleveland,Cleveland,5/1/2018,"1,024",849,"1,120"
Cleveland,Cleveland,6/1/2018,"1,055",874,"1,168"
Cleveland,Cleveland,7/1/2018,"1,084",906,"1,197"
Cleveland,Cleveland,8/1/2018,"1,098",944,"1,216"
Cleveland,Cleveland,9/1/2018,"1,100",933,"1,234"
Cleveland,Cleveland,10/1/2018,"1,071",914,"1,215"
Cleveland,Cleveland,11/1/2018,"1,061",903,"1,205"
Cleveland,Cleveland,12/1/2018,"1,104",928,"1,254"
Cleveland,Cleveland,1/1/2019,"1,166",977,"1,327"
Cleveland,Cleveland,2/1/2019,"1,115",955,"1,268"
Cleveland,Cleveland,3/1/2019,"1,126",955,"1,296"
Cleveland,Cleveland,4/1/2019,"1,149",966,"1,326"
Cleveland,Cleveland,10/1/2019,"1,182",984,"1,367"
Cleveland,Cleveland,11/1/2019,"1,180",921,"1,410"
Cleveland,Cleveland,12/1/2019,"1,112",899,"1,285"
Cleveland,Cleveland,1/1/2020,"1,087",870,"1,271"
Cleveland,Cleveland,3/1/2020,"1,183",864,"1,439"
Cleveland,Cleveland,4/1/2020,"1,202",910,"1,446"
Cleveland,Cleveland,5/1/2020,"1,289","1,021","1,503"
Boston,Boston,1/1/2011,"2,403","2,054","2,591"
Boston,Boston,2/1/2011,"2,357","1,934","2,537"
Boston,Boston,3/1/2011,"2,294","1,928","2,488"
Boston,Boston,4/1/2011,"2,197","1,849","2,338"
Boston,Boston,5/1/2011,"2,036","1,707","2,160"
Boston,Boston,6/1/2011,"1,992","1,602","2,228"
Boston,Boston,7/1/2011,"2,060","1,649","2,230"
Boston,Boston,8/1/2011,"2,221","1,757","2,372"
Boston,Boston,9/1/2011,"2,243","1,820","2,410"
Boston,Boston,10/1/2011,"2,253","1,883","2,393"
Boston,Boston,11/1/2011,"2,345","2,033","2,402"
Boston,Boston,12/1/2011,"2,544","2,203","2,704"
Boston,Boston,1/1/2012,"2,443","2,206","2,690"
Boston,Boston,2/1/2012,"2,372","2,163","2,617"
Boston,Boston,3/1/2012,"2,219","1,920","2,415"
Boston,Boston,4/1/2012,"2,263","1,982","2,427"
Boston,Boston,5/1/2012,"2,423","2,129","2,776"
Boston,Boston,6/1/2012,"2,456","2,102","2,821"
Boston,Boston,7/1/2012,"2,506","2,157","2,737"
Boston,Boston,8/1/2012,"2,429","2,112","2,629"
Boston,Boston,9/1/2012,"2,481","2,116","2,717"
Boston,Boston,10/1/2012,"2,714","2,283","2,956"
Boston,Boston,11/1/2012,"2,735","2,441","2,979"
Boston,Boston,12/1/2012,"2,615","2,362","2,788"
Boston,Boston,1/1/2013,"2,505","2,227","2,644"
Boston,Boston,2/1/2013,"2,443","2,173","2,591"
Boston,Boston,3/1/2013,"2,453","2,199","2,663"
Boston,Boston,4/1/2013,"2,449","2,162","2,657"
Boston,Boston,5/1/2013,"2,536","2,187","2,836"
Boston,Boston,6/1/2013,"2,509","2,224","2,773"
Boston,Boston,7/1/2013,"2,481","2,174","2,718"
Boston,Boston,8/1/2013,"2,506","2,204","2,811"
Boston,Boston,9/1/2013,"2,608","2,293","2,877"
Boston,Boston,10/1/2013,"2,673","2,448","2,859"
Boston,Boston,11/1/2013,"2,592","2,406","2,793"
Boston,Boston,12/1/2013,"2,558","2,316","2,787"
Boston,Boston,1/1/2014,"2,548","2,287","2,764"
Boston,Boston,2/1/2014,"2,549","2,235","2,744"
Boston,Boston,3/1/2014,"2,608","2,311","2,772"
Boston,Boston,4/1/2014,"2,611","2,261","2,866"
Boston,Boston,5/1/2014,"2,707","2,354","3,093"
Boston,Boston,6/1/2014,"2,725","2,371","3,120"
Boston,Boston,7/1/2014,"2,743","2,373","3,098"
Boston,Boston,8/1/2014,"2,717","2,350","3,051"
Boston,Boston,9/1/2014,"2,766","2,411","3,072"
Boston,Boston,10/1/2014,"2,739","2,414","3,085"
Boston,Boston,11/1/2014,"2,751","2,409","3,099"
Boston,Boston,12/1/2014,"2,777","2,408","3,065"
Boston,Boston,1/1/2015,"2,761","2,381","3,019"
Boston,Boston,2/1/2015,"2,664","2,322","2,922"
Boston,Boston,3/1/2015,"2,707","2,340","3,020"
Boston,Boston,4/1/2015,"2,698","2,314","2,991"
Boston,Boston,5/1/2015,"2,655","2,264","2,904"
Boston,Boston,6/1/2015,"2,635","2,234","2,851"
Boston,Boston,7/1/2015,"2,695","2,297","2,934"
Boston,Boston,8/1/2015,"2,761","2,364","3,014"
Boston,Boston,9/1/2015,"2,845","2,444","3,164"
Boston,Boston,10/1/2015,"2,882","2,498","3,232"
Boston,Boston,11/1/2015,"2,908","2,531","3,257"
Boston,Boston,12/1/2015,"2,923","2,523","3,257"
Boston,Boston,1/1/2016,"2,977","2,532","3,242"
Boston,Boston,2/1/2016,"3,013","2,529","3,185"
Boston,Boston,3/1/2016,"2,972","2,528","3,178"
Boston,Boston,4/1/2016,"2,943","2,525","3,185"
Boston,Boston,5/1/2016,"2,920","2,531","3,137"
Boston,Boston,6/1/2016,"2,918","2,514","3,145"
Boston,Boston,7/1/2016,"2,911","2,512","3,148"
Boston,Boston,8/1/2016,"2,881","2,495","3,110"
Boston,Boston,9/1/2016,"3,007","2,656","3,298"
Boston,Boston,10/1/2016,"2,999","2,643","3,306"
Boston,Boston,11/1/2016,"2,907","2,522","3,171"
Boston,Boston,12/1/2016,"2,937","2,513","3,136"
Boston,Boston,1/1/2017,"2,955","2,455","3,062"
Boston,Boston,2/1/2017,"2,866","2,375","2,959"
Boston,Boston,3/1/2017,"2,820","2,347","2,937"
Boston,Boston,4/1/2017,"2,811","2,402","2,987"
Boston,Boston,5/1/2017,"2,814","2,454","3,014"
Boston,Boston,6/1/2017,"2,857","2,468","3,055"
Boston,Boston,7/1/2017,"2,894","2,492","3,090"
Boston,Boston,8/1/2017,"2,935","2,511","3,149"
Boston,Boston,9/1/2017,"2,974","2,525","3,151"
Boston,Boston,10/1/2017,"2,980","2,562","3,224"
Boston,Boston,11/1/2017,"2,961","2,524","3,209"
Boston,Boston,12/1/2017,"2,953","2,503","3,190"
Boston,Boston,1/1/2018,"3,019","2,580","3,262"
Boston,Boston,2/1/2018,"3,073","2,650","3,347"
Boston,Boston,3/1/2018,"3,051","2,636","3,306"
Boston,Boston,4/1/2018,"2,998","2,594","3,254"
Boston,Boston,5/1/2018,"3,039","2,703","3,398"
Boston,Boston,6/1/2018,"3,086","2,752","3,463"
Boston,Boston,7/1/2018,"3,114","2,780","3,511"
Boston,Boston,8/1/2018,"3,117","2,790","3,506"
Boston,Boston,9/1/2018,"3,145","2,799","3,530"
Boston,Boston,10/1/2018,"3,054","2,706","3,443"
Boston,Boston,11/1/2018,"3,062","2,732","3,472"
Boston,Boston,12/1/2018,"3,082","2,720","3,498"
Boston,Boston,1/1/2019,"3,102","2,735","3,500"
Boston,Boston,2/1/2019,"3,085","2,695","3,471"
Boston,Boston,3/1/2019,"3,069","2,682","3,468"
Boston,Boston,4/1/2019,"3,087","2,685","3,425"
Boston,Boston,10/1/2019,"3,165","2,810","3,598"
Boston,Boston,11/1/2019,"3,248","2,864","3,673"
Boston,Boston,12/1/2019,"3,226","2,885","3,583"
Boston,Boston,1/1/2020,"3,179","2,798","3,472"
Boston,Boston,3/1/2020,"3,013","2,683","3,336"
Boston,Boston,4/1/2020,"3,006","2,666","3,353"
Boston,Boston,5/1/2020,"3,053","2,704","3,428"
Austin,Austin,1/1/2011,"1,005",779,"1,120"
Austin,Austin,2/1/2011,953,730,"1,095"
Austin,Austin,3/1/2011,952,722,"1,111"
Austin,Austin,4/1/2011,963,727,"1,116"
Austin,Austin,5/1/2011,914,689,"1,097"
Austin,Austin,6/1/2011,847,630,"1,065"
Austin,Austin,7/1/2011,827,637,"1,030"
Austin,Austin,8/1/2011,995,802,"1,126"
Austin,Austin,9/1/2011,"1,021",861,"1,131"
Austin,Austin,10/1/2011,"1,057",902,"1,158"
Austin,Austin,11/1/2011,"1,088",960,"1,184"
Austin,Austin,12/1/2011,"1,111",980,"1,232"
Austin,Austin,1/1/2012,"1,102",973,"1,196"
Austin,Austin,2/1/2012,"1,117",974,"1,210"
Austin,Austin,3/1/2012,"1,093",968,"1,136"
Austin,Austin,4/1/2012,"1,155","1,018","1,244"
Austin,Austin,5/1/2012,"1,164","1,026","1,259"
Austin,Austin,6/1/2012,"1,151",981,"1,255"
Austin,Austin,7/1/2012,"1,143",976,"1,248"
Austin,Austin,8/1/2012,"1,145",976,"1,254"
Austin,Austin,9/1/2012,"1,138",950,"1,270"
Austin,Austin,10/1/2012,"1,118",948,"1,216"
Austin,Austin,11/1/2012,"1,142",958,"1,229"
Austin,Austin,12/1/2012,"1,133",963,"1,213"
Austin,Austin,1/1/2013,"1,124",979,"1,210"
Austin,Austin,2/1/2013,"1,122",994,"1,194"
Austin,Austin,3/1/2013,"1,150",984,"1,222"
Austin,Austin,4/1/2013,"1,167","1,014","1,245"
Austin,Austin,5/1/2013,"1,170","1,006","1,274"
Austin,Austin,6/1/2013,"1,167","1,005","1,267"
Austin,Austin,7/1/2013,"1,190","1,028","1,307"
Austin,Austin,8/1/2013,"1,117",974,"1,210"
Austin,Austin,9/1/2013,"1,138",994,"1,232"
Austin,Austin,10/1/2013,"1,168","1,032","1,250"
Austin,Austin,11/1/2013,"1,169","1,032","1,266"
Austin,Austin,12/1/2013,"1,146","1,003","1,244"
Austin,Austin,1/1/2014,"1,160","1,015","1,247"
Austin,Austin,2/1/2014,"1,182","1,021","1,275"
Austin,Austin,3/1/2014,"1,223","1,072","1,344"
Austin,Austin,4/1/2014,"1,284","1,108","1,454"
Austin,Austin,5/1/2014,"1,276","1,098","1,427"
Austin,Austin,6/1/2014,"1,292","1,101","1,451"
Austin,Austin,7/1/2014,"1,303","1,112","1,458"
Austin,Austin,8/1/2014,"1,282","1,102","1,431"
Austin,Austin,9/1/2014,"1,267","1,094","1,408"
Austin,Austin,10/1/2014,"1,287","1,118","1,425"
Austin,Austin,11/1/2014,"1,291","1,123","1,412"
Austin,Austin,12/1/2014,"1,279","1,094","1,407"
Austin,Austin,1/1/2015,"1,282","1,103","1,418"
Austin,Austin,2/1/2015,"1,280","1,105","1,415"
Austin,Austin,3/1/2015,"1,305","1,121","1,443"
Austin,Austin,4/1/2015,"1,296","1,125","1,432"
Austin,Austin,5/1/2015,"1,310","1,125","1,443"
Austin,Austin,6/1/2015,"1,365","1,158","1,511"
Austin,Austin,7/1/2015,"1,373","1,177","1,520"
Austin,Austin,8/1/2015,"1,375","1,184","1,529"
Austin,Austin,9/1/2015,"1,372","1,183","1,524"
Austin,Austin,10/1/2015,"1,379","1,193","1,530"
Austin,Austin,11/1/2015,"1,368","1,195","1,510"
Austin,Austin,12/1/2015,"1,353","1,184","1,499"
Austin,Austin,1/1/2016,"1,369","1,198","1,513"
Austin,Austin,2/1/2016,"1,405","1,226","1,555"
Austin,Austin,3/1/2016,"1,440","1,255","1,598"
Austin,Austin,4/1/2016,"1,468","1,277","1,633"
Austin,Austin,5/1/2016,"1,474","1,280","1,642"
Austin,Austin,6/1/2016,"1,478","1,291","1,647"
Austin,Austin,7/1/2016,"1,464","1,283","1,630"
Austin,Austin,8/1/2016,"1,450","1,271","1,609"
Austin,Austin,9/1/2016,"1,450","1,271","1,601"
Austin,Austin,10/1/2016,"1,462","1,281","1,622"
Austin,Austin,11/1/2016,"1,449","1,271","1,604"
Austin,Austin,12/1/2016,"1,470","1,287","1,636"
Austin,Austin,1/1/2017,"1,446","1,268","1,603"
Austin,Austin,2/1/2017,"1,419","1,245","1,562"
Austin,Austin,3/1/2017,"1,443","1,267","1,591"
Austin,Austin,4/1/2017,"1,405","1,238","1,551"
Austin,Austin,5/1/2017,"1,423","1,250","1,582"
Austin,Austin,6/1/2017,"1,442","1,255","1,617"
Austin,Austin,7/1/2017,"1,433","1,242","1,598"
Austin,Austin,8/1/2017,"1,417","1,232","1,567"
Austin,Austin,9/1/2017,"1,399","1,218","1,553"
Austin,Austin,10/1/2017,"1,406","1,229","1,562"
Austin,Austin,11/1/2017,"1,401","1,225","1,550"
Austin,Austin,12/1/2017,"1,406","1,229","1,553"
Austin,Austin,1/1/2018,"1,416","1,239","1,564"
Austin,Austin,2/1/2018,"1,410","1,243","1,551"
Austin,Austin,3/1/2018,"1,406","1,240","1,546"
Austin,Austin,4/1/2018,"1,413","1,244","1,555"
Austin,Austin,5/1/2018,"1,431","1,255","1,572"
Austin,Austin,6/1/2018,"1,440","1,270","1,581"
Austin,Austin,7/1/2018,"1,480","1,301","1,624"
Austin,Austin,8/1/2018,"1,497","1,315","1,642"
Austin,Austin,9/1/2018,"1,506","1,324","1,651"
Austin,Austin,10/1/2018,"1,490","1,310","1,641"
Austin,Austin,11/1/2018,"1,491","1,317","1,643"
Austin,Austin,12/1/2018,"1,520","1,348","1,671"
Austin,Austin,1/1/2019,"1,518","1,340","1,672"
Austin,Austin,2/1/2019,"1,545","1,353","1,699"
Austin,Austin,3/1/2019,"1,546","1,354","1,703"
Austin,Austin,4/1/2019,"1,556","1,355","1,716"
Austin,Austin,10/1/2019,"1,578","1,378","1,736"
Austin,Austin,11/1/2019,"1,570","1,373","1,724"
Austin,Austin,12/1/2019,"1,561","1,367","1,710"
Austin,Austin,1/1/2020,"1,547","1,351","1,699"
Austin,Austin,3/1/2020,"1,545","1,352","1,703"
Austin,Austin,4/1/2020,"1,539","1,342","1,695"
Austin,Austin,5/1/2020,"1,547","1,347","1,696"
Houston,Houston,1/1/2011,911,743,996
Houston,Houston,2/1/2011,874,700,967
Houston,Houston,3/1/2011,880,696,991
Houston,Houston,4/1/2011,885,692,999
Houston,Houston,5/1/2011,815,627,886
Houston,Houston,6/1/2011,811,617,881
Houston,Houston,7/1/2011,822,624,891
Houston,Houston,8/1/2011,992,798,"1,118"
Houston,Houston,9/1/2011,"1,049",868,"1,171"
Houston,Houston,10/1/2011,"1,044",872,"1,168"
Houston,Houston,11/1/2011,"1,053",891,"1,180"
Houston,Houston,12/1/2011,"1,098",906,"1,266"
Houston,Houston,1/1/2012,"1,120",932,"1,286"
Houston,Houston,2/1/2012,"1,188",962,"1,366"
Houston,Houston,3/1/2012,"1,189",955,"1,335"
Houston,Houston,4/1/2012,"1,223",981,"1,393"
Houston,Houston,5/1/2012,"1,193",985,"1,353"
Houston,Houston,6/1/2012,"1,132",922,"1,263"
Houston,Houston,7/1/2012,"1,152",944,"1,290"
Houston,Houston,8/1/2012,"1,155",935,"1,268"
Houston,Houston,9/1/2012,"1,174",961,"1,291"
Houston,Houston,10/1/2012,"1,140",942,"1,269"
Houston,Houston,11/1/2012,"1,140",951,"1,275"
Houston,Houston,12/1/2012,"1,177",993,"1,322"
Houston,Houston,1/1/2013,"1,131",949,"1,320"
Houston,Houston,2/1/2013,"1,115",949,"1,286"
Houston,Houston,3/1/2013,"1,140",975,"1,313"
Houston,Houston,4/1/2013,"1,162",983,"1,349"
Houston,Houston,5/1/2013,"1,144",965,"1,313"
Houston,Houston,6/1/2013,"1,133",957,"1,297"
Houston,Houston,7/1/2013,"1,105",936,"1,249"
Houston,Houston,8/1/2013,"1,107",935,"1,232"
Houston,Houston,9/1/2013,"1,094",931,"1,213"
Houston,Houston,10/1/2013,"1,099",948,"1,217"
Houston,Houston,11/1/2013,"1,084",930,"1,219"
Houston,Houston,12/1/2013,"1,117",966,"1,256"
Houston,Houston,1/1/2014,"1,138",988,"1,290"
Houston,Houston,2/1/2014,"1,092",950,"1,232"
Houston,Houston,3/1/2014,"1,133",980,"1,283"
Houston,Houston,4/1/2014,"1,157",997,"1,293"
Houston,Houston,5/1/2014,"1,209","1,024","1,346"
Houston,Houston,6/1/2014,"1,217","1,036","1,359"
Houston,Houston,7/1/2014,"1,196","1,008","1,321"
Houston,Houston,8/1/2014,"1,176",988,"1,285"
Houston,Houston,9/1/2014,"1,174",990,"1,284"
Houston,Houston,10/1/2014,"1,191","1,011","1,305"
Houston,Houston,11/1/2014,"1,230","1,048","1,361"
Houston,Houston,12/1/2014,"1,272","1,079","1,421"
Houston,Houston,1/1/2015,"1,265","1,076","1,407"
Houston,Houston,2/1/2015,"1,248","1,067","1,394"
Houston,Houston,3/1/2015,"1,260","1,070","1,407"
Houston,Houston,4/1/2015,"1,296","1,109","1,438"
Houston,Houston,5/1/2015,"1,286","1,083","1,413"
Houston,Houston,6/1/2015,"1,337","1,101","1,475"
Houston,Houston,7/1/2015,"1,327","1,102","1,480"
Houston,Houston,8/1/2015,"1,311","1,108","1,464"
Houston,Houston,9/1/2015,"1,321","1,120","1,467"
Houston,Houston,10/1/2015,"1,324","1,123","1,471"
Houston,Houston,11/1/2015,"1,324","1,132","1,473"
Houston,Houston,12/1/2015,"1,334","1,145","1,492"
Houston,Houston,1/1/2016,"1,345","1,146","1,503"
Houston,Houston,2/1/2016,"1,359","1,163","1,512"
Houston,Houston,3/1/2016,"1,424","1,227","1,598"
Houston,Houston,4/1/2016,"1,419","1,224","1,593"
Houston,Houston,5/1/2016,"1,413","1,222","1,580"
Houston,Houston,6/1/2016,"1,406","1,219","1,574"
Houston,Houston,7/1/2016,"1,373","1,186","1,532"
Houston,Houston,8/1/2016,"1,373","1,178","1,542"
Houston,Houston,9/1/2016,"1,380","1,178","1,551"
Houston,Houston,10/1/2016,"1,392","1,188","1,563"
Houston,Houston,11/1/2016,"1,370","1,173","1,532"
Houston,Houston,12/1/2016,"1,343","1,145","1,498"
Houston,Houston,1/1/2017,"1,305","1,107","1,451"
Houston,Houston,2/1/2017,"1,285","1,087","1,424"
Houston,Houston,3/1/2017,"1,271","1,082","1,417"
Houston,Houston,4/1/2017,"1,274","1,088","1,428"
Houston,Houston,5/1/2017,"1,294","1,106","1,450"
Houston,Houston,6/1/2017,"1,299","1,104","1,453"
Houston,Houston,7/1/2017,"1,285","1,094","1,436"
Houston,Houston,8/1/2017,"1,282","1,091","1,439"
Houston,Houston,9/1/2017,"1,279","1,104","1,432"
Houston,Houston,10/1/2017,"1,320","1,142","1,478"
Houston,Houston,11/1/2017,"1,321","1,144","1,472"
Houston,Houston,12/1/2017,"1,325","1,145","1,478"
Houston,Houston,1/1/2018,"1,332","1,151","1,486"
Houston,Houston,2/1/2018,"1,291","1,118","1,429"
Houston,Houston,3/1/2018,"1,269","1,095","1,401"
Houston,Houston,4/1/2018,"1,281","1,102","1,413"
Houston,Houston,5/1/2018,"1,301","1,109","1,433"
Houston,Houston,6/1/2018,"1,277","1,094","1,401"
Houston,Houston,7/1/2018,"1,297","1,107","1,430"
Houston,Houston,8/1/2018,"1,302","1,114","1,428"
Houston,Houston,9/1/2018,"1,318","1,130","1,439"
Houston,Houston,10/1/2018,"1,285","1,108","1,393"
Houston,Houston,11/1/2018,"1,276","1,095","1,385"
Houston,Houston,12/1/2018,"1,294","1,115","1,407"
Houston,Houston,1/1/2019,"1,329","1,146","1,450"
Houston,Houston,2/1/2019,"1,329","1,146","1,449"
Houston,Houston,3/1/2019,"1,323","1,140","1,445"
Houston,Houston,4/1/2019,"1,305","1,123","1,423"
Houston,Houston,10/1/2019,"1,368","1,181","1,491"
Houston,Houston,11/1/2019,"1,350","1,164","1,460"
Houston,Houston,12/1/2019,"1,330","1,142","1,436"
Houston,Houston,1/1/2020,"1,338","1,148","1,446"
Houston,Houston,3/1/2020,"1,343","1,148","1,440"
Houston,Houston,4/1/2020,"1,334","1,139","1,443"
Houston,Houston,5/1/2020,"1,379","1,174","1,516"
Jacksonville,Jacksonville,1/1/2011,761,598,780
Jacksonville,Jacksonville,2/1/2011,784,603,784
Jacksonville,Jacksonville,3/1/2011,805,615,789
Jacksonville,Jacksonville,4/1/2011,788,601,760
Jacksonville,Jacksonville,5/1/2011,800,610,749
Jacksonville,Jacksonville,6/1/2011,795,608,740
Jacksonville,Jacksonville,7/1/2011,797,613,732
Jacksonville,Jacksonville,8/1/2011,856,676,832
Jacksonville,Jacksonville,9/1/2011,855,710,856
Jacksonville,Jacksonville,10/1/2011,846,711,856
Jacksonville,Jacksonville,11/1/2011,825,696,833
Jacksonville,Jacksonville,12/1/2011,832,695,840
Jacksonville,Jacksonville,1/1/2012,833,697,852
Jacksonville,Jacksonville,2/1/2012,835,693,850
Jacksonville,Jacksonville,3/1/2012,857,710,861
Jacksonville,Jacksonville,4/1/2012,876,730,875
Jacksonville,Jacksonville,5/1/2012,885,731,893
Jacksonville,Jacksonville,6/1/2012,880,731,879
Jacksonville,Jacksonville,7/1/2012,875,750,876
Jacksonville,Jacksonville,8/1/2012,853,712,856
Jacksonville,Jacksonville,9/1/2012,861,715,864
Jacksonville,Jacksonville,10/1/2012,855,707,862
Jacksonville,Jacksonville,11/1/2012,864,714,865
Jacksonville,Jacksonville,12/1/2012,866,713,860
Jacksonville,Jacksonville,1/1/2013,868,716,865
Jacksonville,Jacksonville,2/1/2013,862,709,855
Jacksonville,Jacksonville,3/1/2013,883,723,893
Jacksonville,Jacksonville,4/1/2013,889,736,911
Jacksonville,Jacksonville,5/1/2013,904,739,909
Jacksonville,Jacksonville,6/1/2013,905,751,907
Jacksonville,Jacksonville,7/1/2013,903,741,910
Jacksonville,Jacksonville,8/1/2013,889,727,905
Jacksonville,Jacksonville,9/1/2013,899,735,899
Jacksonville,Jacksonville,10/1/2013,871,698,871
Jacksonville,Jacksonville,11/1/2013,875,710,880
Jacksonville,Jacksonville,12/1/2013,878,715,887
Jacksonville,Jacksonville,1/1/2014,876,725,885
Jacksonville,Jacksonville,2/1/2014,882,710,909
Jacksonville,Jacksonville,3/1/2014,893,724,923
Jacksonville,Jacksonville,4/1/2014,875,724,884
Jacksonville,Jacksonville,5/1/2014,913,749,920
Jacksonville,Jacksonville,6/1/2014,922,762,931
Jacksonville,Jacksonville,7/1/2014,935,766,928
Jacksonville,Jacksonville,8/1/2014,930,762,925
Jacksonville,Jacksonville,9/1/2014,931,765,934
Jacksonville,Jacksonville,10/1/2014,938,769,952
Jacksonville,Jacksonville,11/1/2014,939,772,960
Jacksonville,Jacksonville,12/1/2014,942,776,954
Jacksonville,Jacksonville,1/1/2015,956,789,979
Jacksonville,Jacksonville,2/1/2015,975,796,"1,004"
Jacksonville,Jacksonville,3/1/2015,997,810,"1,032"
Jacksonville,Jacksonville,4/1/2015,"1,002",814,"1,030"
Jacksonville,Jacksonville,5/1/2015,"1,029",821,"1,022"
Jacksonville,Jacksonville,6/1/2015,"1,032",819,"1,014"
Jacksonville,Jacksonville,7/1/2015,"1,030",830,"1,031"
Jacksonville,Jacksonville,8/1/2015,"1,027",844,"1,037"
Jacksonville,Jacksonville,9/1/2015,"1,017",846,"1,029"
Jacksonville,Jacksonville,10/1/2015,"1,014",847,"1,025"
Jacksonville,Jacksonville,11/1/2015,"1,018",854,"1,043"
Jacksonville,Jacksonville,12/1/2015,"1,028",858,"1,066"
Jacksonville,Jacksonville,1/1/2016,"1,022",857,"1,054"
Jacksonville,Jacksonville,2/1/2016,"1,030",865,"1,062"
Jacksonville,Jacksonville,3/1/2016,"1,051",880,"1,087"
Jacksonville,Jacksonville,4/1/2016,"1,062",894,"1,100"
Jacksonville,Jacksonville,5/1/2016,"1,067",900,"1,114"
Jacksonville,Jacksonville,6/1/2016,"1,073",908,"1,122"
Jacksonville,Jacksonville,7/1/2016,"1,061",904,"1,112"
Jacksonville,Jacksonville,8/1/2016,"1,061",903,"1,108"
Jacksonville,Jacksonville,9/1/2016,"1,065",904,"1,112"
Jacksonville,Jacksonville,10/1/2016,"1,067",906,"1,117"
Jacksonville,Jacksonville,11/1/2016,"1,059",905,"1,098"
Jacksonville,Jacksonville,12/1/2016,"1,055",906,"1,091"
Jacksonville,Jacksonville,1/1/2017,"1,047",899,"1,086"
Jacksonville,Jacksonville,2/1/2017,"1,039",891,"1,086"
Jacksonville,Jacksonville,3/1/2017,"1,046",897,"1,095"
Jacksonville,Jacksonville,4/1/2017,"1,053",905,"1,100"
Jacksonville,Jacksonville,5/1/2017,"1,057",914,"1,100"
Jacksonville,Jacksonville,6/1/2017,"1,061",928,"1,101"
Jacksonville,Jacksonville,7/1/2017,"1,061",922,"1,101"
Jacksonville,Jacksonville,8/1/2017,"1,065",927,"1,107"
Jacksonville,Jacksonville,9/1/2017,"1,063",925,"1,104"
Jacksonville,Jacksonville,10/1/2017,"1,072",932,"1,112"
Jacksonville,Jacksonville,11/1/2017,"1,090",942,"1,141"
Jacksonville,Jacksonville,12/1/2017,"1,084",933,"1,132"
Jacksonville,Jacksonville,1/1/2018,"1,084",934,"1,133"
Jacksonville,Jacksonville,2/1/2018,"1,088",935,"1,134"
Jacksonville,Jacksonville,3/1/2018,"1,095",941,"1,137"
Jacksonville,Jacksonville,4/1/2018,"1,106",953,"1,149"
Jacksonville,Jacksonville,5/1/2018,"1,151","1,010","1,200"
Jacksonville,Jacksonville,6/1/2018,"1,181","1,031","1,220"
Jacksonville,Jacksonville,7/1/2018,"1,195","1,027","1,248"
Jacksonville,Jacksonville,8/1/2018,"1,207","1,029","1,270"
Jacksonville,Jacksonville,9/1/2018,"1,232","1,057","1,284"
Jacksonville,Jacksonville,10/1/2018,"1,211","1,046","1,257"
Jacksonville,Jacksonville,11/1/2018,"1,211","1,040","1,256"
Jacksonville,Jacksonville,12/1/2018,"1,212","1,036","1,257"
Jacksonville,Jacksonville,1/1/2019,"1,224","1,050","1,273"
Jacksonville,Jacksonville,2/1/2019,"1,225","1,044","1,268"
Jacksonville,Jacksonville,3/1/2019,"1,234","1,063","1,285"
Jacksonville,Jacksonville,4/1/2019,"1,232","1,063","1,278"
Jacksonville,Jacksonville,10/1/2019,"1,241","1,091","1,285"
Jacksonville,Jacksonville,11/1/2019,"1,183","1,044","1,208"
Jacksonville,Jacksonville,12/1/2019,"1,119",983,"1,131"
Jacksonville,Jacksonville,1/1/2020,"1,125",988,"1,133"
Jacksonville,Jacksonville,3/1/2020,"1,120",980,"1,138"
Jacksonville,Jacksonville,4/1/2020,"1,117",963,"1,142"
Jacksonville,Jacksonville,5/1/2020,"1,218","1,051","1,255"
Kansas City,Kansas City,1/1/2011,661,544,745
Kansas City,Kansas City,2/1/2011,658,547,756
Kansas City,Kansas City,3/1/2011,585,488,709
Kansas City,Kansas City,4/1/2011,601,505,720
Kansas City,Kansas City,5/1/2011,591,500,715
Kansas City,Kansas City,6/1/2011,611,533,735
Kansas City,Kansas City,7/1/2011,645,544,751
Kansas City,Kansas City,8/1/2011,724,591,801
Kansas City,Kansas City,9/1/2011,738,616,793
Kansas City,Kansas City,10/1/2011,737,629,798
Kansas City,Kansas City,11/1/2011,728,625,787
Kansas City,Kansas City,12/1/2011,725,625,788
Kansas City,Kansas City,1/1/2012,727,620,785
Kansas City,Kansas City,2/1/2012,749,643,801
Kansas City,Kansas City,3/1/2012,751,640,791
Kansas City,Kansas City,4/1/2012,801,694,834
Kansas City,Kansas City,5/1/2012,804,693,843
Kansas City,Kansas City,6/1/2012,790,681,827
Kansas City,Kansas City,7/1/2012,796,698,842
Kansas City,Kansas City,8/1/2012,780,667,825
Kansas City,Kansas City,9/1/2012,770,665,811
Kansas City,Kansas City,10/1/2012,768,655,810
Kansas City,Kansas City,11/1/2012,778,668,827
Kansas City,Kansas City,12/1/2012,748,648,795
Kansas City,Kansas City,1/1/2013,746,645,807
Kansas City,Kansas City,2/1/2013,764,646,823
Kansas City,Kansas City,3/1/2013,784,673,844
Kansas City,Kansas City,4/1/2013,796,684,867
Kansas City,Kansas City,5/1/2013,783,676,851
Kansas City,Kansas City,6/1/2013,804,695,882
Kansas City,Kansas City,7/1/2013,792,685,857
Kansas City,Kansas City,8/1/2013,779,667,828
Kansas City,Kansas City,9/1/2013,796,664,843
Kansas City,Kansas City,10/1/2013,796,662,840
Kansas City,Kansas City,11/1/2013,788,672,832
Kansas City,Kansas City,12/1/2013,775,660,831
Kansas City,Kansas City,1/1/2014,770,647,816
Kansas City,Kansas City,2/1/2014,778,658,837
Kansas City,Kansas City,3/1/2014,791,663,846
Kansas City,Kansas City,4/1/2014,784,652,839
Kansas City,Kansas City,5/1/2014,785,654,835
Kansas City,Kansas City,6/1/2014,802,655,863
Kansas City,Kansas City,7/1/2014,819,666,880
Kansas City,Kansas City,8/1/2014,809,666,871
Kansas City,Kansas City,9/1/2014,811,670,871
Kansas City,Kansas City,10/1/2014,805,667,861
Kansas City,Kansas City,11/1/2014,799,670,858
Kansas City,Kansas City,12/1/2014,804,680,870
Kansas City,Kansas City,1/1/2015,804,686,875
Kansas City,Kansas City,2/1/2015,806,695,880
Kansas City,Kansas City,3/1/2015,813,697,892
Kansas City,Kansas City,4/1/2015,829,711,898
Kansas City,Kansas City,5/1/2015,868,730,924
Kansas City,Kansas City,6/1/2015,896,748,939
Kansas City,Kansas City,7/1/2015,914,758,954
Kansas City,Kansas City,8/1/2015,917,760,960
Kansas City,Kansas City,9/1/2015,906,767,959
Kansas City,Kansas City,10/1/2015,903,773,963
Kansas City,Kansas City,11/1/2015,896,769,962
Kansas City,Kansas City,12/1/2015,895,767,957
Kansas City,Kansas City,1/1/2016,899,774,964
Kansas City,Kansas City,2/1/2016,914,791,974
Kansas City,Kansas City,3/1/2016,925,798,992
Kansas City,Kansas City,4/1/2016,925,805,992
Kansas City,Kansas City,5/1/2016,938,823,"1,008"
Kansas City,Kansas City,6/1/2016,945,821,"1,018"
Kansas City,Kansas City,7/1/2016,957,828,"1,041"
Kansas City,Kansas City,8/1/2016,969,830,"1,057"
Kansas City,Kansas City,9/1/2016,957,823,"1,039"
Kansas City,Kansas City,10/1/2016,975,838,"1,068"
Kansas City,Kansas City,11/1/2016,973,853,"1,065"
Kansas City,Kansas City,12/1/2016,972,842,"1,070"
Kansas City,Kansas City,1/1/2017,958,825,"1,058"
Kansas City,Kansas City,2/1/2017,963,832,"1,062"
Kansas City,Kansas City,3/1/2017,961,843,"1,053"
Kansas City,Kansas City,4/1/2017,962,846,"1,057"
Kansas City,Kansas City,5/1/2017,963,833,"1,064"
Kansas City,Kansas City,6/1/2017,954,826,"1,060"
Kansas City,Kansas City,7/1/2017,961,830,"1,063"
Kansas City,Kansas City,8/1/2017,965,837,"1,067"
Kansas City,Kansas City,9/1/2017,961,836,"1,059"
Kansas City,Kansas City,10/1/2017,957,832,"1,053"
Kansas City,Kansas City,11/1/2017,964,837,"1,060"
Kansas City,Kansas City,12/1/2017,978,844,"1,073"
Kansas City,Kansas City,1/1/2018,982,851,"1,083"
Kansas City,Kansas City,2/1/2018,994,869,"1,098"
Kansas City,Kansas City,3/1/2018,995,868,"1,102"
Kansas City,Kansas City,4/1/2018,996,871,"1,115"
Kansas City,Kansas City,5/1/2018,"1,031",899,"1,158"
Kansas City,Kansas City,6/1/2018,"1,046",904,"1,178"
Kansas City,Kansas City,7/1/2018,"1,049",898,"1,185"
Kansas City,Kansas City,8/1/2018,"1,060",910,"1,186"
Kansas City,Kansas City,9/1/2018,"1,063",905,"1,189"
Kansas City,Kansas City,10/1/2018,"1,044",898,"1,148"
Kansas City,Kansas City,11/1/2018,"1,041",902,"1,137"
Kansas City,Kansas City,12/1/2018,"1,038",896,"1,138"
Kansas City,Kansas City,1/1/2019,"1,066",918,"1,168"
Kansas City,Kansas City,2/1/2019,"1,065",916,"1,176"
Kansas City,Kansas City,3/1/2019,"1,060",913,"1,178"
Kansas City,Kansas City,4/1/2019,"1,052",909,"1,170"
Kansas City,Kansas City,10/1/2019,"1,069",924,"1,176"
Kansas City,Kansas City,11/1/2019,"1,032",898,"1,125"
Kansas City,Kansas City,12/1/2019,"1,006",872,"1,083"
Kansas City,Kansas City,1/1/2020,"1,013",873,"1,092"
Kansas City,Kansas City,3/1/2020,"1,021",876,"1,095"
Kansas City,Kansas City,4/1/2020,"1,034",892,"1,118"
Kansas City,Kansas City,5/1/2020,"1,079",932,"1,172"
Milwaukee,Milwaukee,1/1/2011,840,698,"1,026"
Milwaukee,Milwaukee,2/1/2011,789,653,903
Milwaukee,Milwaukee,3/1/2011,784,624,841
Milwaukee,Milwaukee,4/1/2011,786,629,836
Milwaukee,Milwaukee,5/1/2011,789,637,837
Milwaukee,Milwaukee,6/1/2011,784,630,838
Milwaukee,Milwaukee,7/1/2011,805,641,856
Milwaukee,Milwaukee,8/1/2011,950,778,"1,067"
Milwaukee,Milwaukee,9/1/2011,"1,102",920,"1,233"
Milwaukee,Milwaukee,10/1/2011,"1,132",943,"1,259"
Milwaukee,Milwaukee,11/1/2011,"1,068",867,"1,195"
Milwaukee,Milwaukee,12/1/2011,"1,041",803,"1,126"
Milwaukee,Milwaukee,1/1/2012,"1,066",833,"1,171"
Milwaukee,Milwaukee,2/1/2012,"1,084",836,"1,152"
Milwaukee,Milwaukee,3/1/2012,"1,204",867,"1,189"
Milwaukee,Milwaukee,4/1/2012,"1,237",868,"1,183"
Milwaukee,Milwaukee,5/1/2012,"1,279",897,"1,228"
Milwaukee,Milwaukee,6/1/2012,"1,283",891,"1,233"
Milwaukee,Milwaukee,7/1/2012,"1,274",850,"1,213"
Milwaukee,Milwaukee,8/1/2012,"1,262",824,"1,193"
Milwaukee,Milwaukee,9/1/2012,"1,321",869,"1,270"
Milwaukee,Milwaukee,10/1/2012,"1,256",870,"1,246"
Milwaukee,Milwaukee,11/1/2012,"1,332",890,"1,292"
Milwaukee,Milwaukee,12/1/2012,"1,331",898,"1,299"
Milwaukee,Milwaukee,1/1/2013,"1,307",914,"1,306"
Milwaukee,Milwaukee,2/1/2013,"1,302",892,"1,292"
Milwaukee,Milwaukee,3/1/2013,"1,393","1,099","1,496"
Milwaukee,Milwaukee,4/1/2013,"1,512","1,178","1,647"
Milwaukee,Milwaukee,5/1/2013,"1,501","1,145","1,652"
Milwaukee,Milwaukee,6/1/2013,"1,460","1,203","1,655"
Milwaukee,Milwaukee,7/1/2013,"1,367","1,114","1,546"
Milwaukee,Milwaukee,8/1/2013,"1,360","1,110","1,507"
Milwaukee,Milwaukee,9/1/2013,"1,268",998,"1,381"
Milwaukee,Milwaukee,10/1/2013,"1,109",842,"1,154"
Milwaukee,Milwaukee,11/1/2013,"1,096",817,"1,097"
Milwaukee,Milwaukee,12/1/2013,"1,096",825,"1,099"
Milwaukee,Milwaukee,1/1/2014,"1,075",812,"1,072"
Milwaukee,Milwaukee,2/1/2014,"1,076",815,"1,082"
Milwaukee,Milwaukee,3/1/2014,"1,053",787,"1,048"
Milwaukee,Milwaukee,4/1/2014,"1,021",776,"1,055"
Milwaukee,Milwaukee,5/1/2014,980,765,"1,058"
Milwaukee,Milwaukee,6/1/2014,"1,014",801,"1,056"
Milwaukee,Milwaukee,7/1/2014,"1,023",813,"1,073"
Milwaukee,Milwaukee,8/1/2014,"1,040",844,"1,090"
Milwaukee,Milwaukee,9/1/2014,"1,070",891,"1,141"
Milwaukee,Milwaukee,10/1/2014,"1,077",895,"1,159"
Milwaukee,Milwaukee,11/1/2014,"1,077",891,"1,156"
Milwaukee,Milwaukee,12/1/2014,"1,140",903,"1,214"
Milwaukee,Milwaukee,1/1/2015,"1,192",934,"1,275"
Milwaukee,Milwaukee,2/1/2015,"1,178",944,"1,268"
Milwaukee,Milwaukee,3/1/2015,"1,182",961,"1,284"
Milwaukee,Milwaukee,4/1/2015,"1,219",989,"1,341"
Milwaukee,Milwaukee,5/1/2015,"1,155",973,"1,297"
Milwaukee,Milwaukee,6/1/2015,"1,137",998,"1,258"
Milwaukee,Milwaukee,7/1/2015,"1,138",988,"1,268"
Milwaukee,Milwaukee,8/1/2015,"1,157","1,013","1,267"
Milwaukee,Milwaukee,9/1/2015,"1,177","1,032","1,290"
Milwaukee,Milwaukee,10/1/2015,"1,195","1,057","1,326"
Milwaukee,Milwaukee,11/1/2015,"1,193","1,066","1,317"
Milwaukee,Milwaukee,12/1/2015,"1,208","1,065","1,340"
Milwaukee,Milwaukee,1/1/2016,"1,208","1,079","1,344"
Milwaukee,Milwaukee,2/1/2016,"1,262","1,108","1,424"
Milwaukee,Milwaukee,3/1/2016,"1,268","1,092","1,443"
Milwaukee,Milwaukee,4/1/2016,"1,276","1,089","1,470"
Milwaukee,Milwaukee,5/1/2016,"1,298","1,094","1,487"
Milwaukee,Milwaukee,6/1/2016,"1,285","1,081","1,485"
Milwaukee,Milwaukee,7/1/2016,"1,280","1,079","1,482"
Milwaukee,Milwaukee,8/1/2016,"1,278","1,082","1,486"
Milwaukee,Milwaukee,9/1/2016,"1,253","1,063","1,446"
Milwaukee,Milwaukee,10/1/2016,"1,220","1,045","1,390"
Milwaukee,Milwaukee,11/1/2016,"1,232","1,048","1,400"
Milwaukee,Milwaukee,12/1/2016,"1,226","1,043","1,382"
Milwaukee,Milwaukee,1/1/2017,"1,218","1,046","1,376"
Milwaukee,Milwaukee,2/1/2017,"1,233","1,056","1,392"
Milwaukee,Milwaukee,3/1/2017,"1,255","1,088","1,409"
Milwaukee,Milwaukee,4/1/2017,"1,261","1,088","1,425"
Milwaukee,Milwaukee,5/1/2017,"1,249","1,089","1,424"
Milwaukee,Milwaukee,6/1/2017,"1,278","1,102","1,455"
Milwaukee,Milwaukee,7/1/2017,"1,254","1,074","1,418"
Milwaukee,Milwaukee,8/1/2017,"1,254","1,074","1,419"
Milwaukee,Milwaukee,9/1/2017,"1,239","1,067","1,391"
Milwaukee,Milwaukee,10/1/2017,"1,204","1,055","1,344"
Milwaukee,Milwaukee,11/1/2017,"1,237","1,078","1,388"
Milwaukee,Milwaukee,12/1/2017,"1,256","1,105","1,398"
Milwaukee,Milwaukee,1/1/2018,"1,254","1,098","1,398"
Milwaukee,Milwaukee,2/1/2018,"1,244","1,081","1,395"
Milwaukee,Milwaukee,3/1/2018,"1,266","1,111","1,408"
Milwaukee,Milwaukee,4/1/2018,"1,269","1,105","1,424"
Milwaukee,Milwaukee,5/1/2018,"1,239","1,088","1,395"
Milwaukee,Milwaukee,6/1/2018,"1,286","1,086","1,440"
Milwaukee,Milwaukee,7/1/2018,"1,280","1,063","1,442"
Milwaukee,Milwaukee,8/1/2018,"1,243","1,020","1,429"
Milwaukee,Milwaukee,9/1/2018,"1,195",957,"1,416"
Milwaukee,Milwaukee,10/1/2018,"1,211","1,000","1,402"
Milwaukee,Milwaukee,11/1/2018,"1,279","1,069","1,479"
Milwaukee,Milwaukee,12/1/2018,"1,252","1,053","1,451"
Milwaukee,Milwaukee,1/1/2019,"1,293","1,084","1,480"
Milwaukee,Milwaukee,2/1/2019,"1,422","1,214","1,600"
Milwaukee,Milwaukee,3/1/2019,"1,443","1,221","1,627"
Milwaukee,Milwaukee,4/1/2019,"1,422","1,213","1,595"
Milwaukee,Milwaukee,10/1/2019,"1,308","1,120","1,474"
Milwaukee,Milwaukee,11/1/2019,"1,247","1,118","1,382"
Milwaukee,Milwaukee,12/1/2019,"1,180","1,110","1,273"
Milwaukee,Milwaukee,1/1/2020,"1,174","1,108","1,269"
Milwaukee,Milwaukee,3/1/2020,"1,149","1,047","1,308"
Milwaukee,Milwaukee,4/1/2020,"1,160","1,048","1,335"
Milwaukee,Milwaukee,5/1/2020,"1,318","1,131","1,487"
Pittsburgh,Pittsburgh,1/1/2011,925,880,903
Pittsburgh,Pittsburgh,2/1/2011,826,866,883
Pittsburgh,Pittsburgh,3/1/2011,770,838,797
Pittsburgh,Pittsburgh,4/1/2011,750,822,772
Pittsburgh,Pittsburgh,5/1/2011,786,786,895
Pittsburgh,Pittsburgh,6/1/2011,763,721,842
Pittsburgh,Pittsburgh,7/1/2011,858,731,986
Pittsburgh,Pittsburgh,8/1/2011,985,755,"1,178"
Pittsburgh,Pittsburgh,9/1/2011,"1,071",845,"1,211"
Pittsburgh,Pittsburgh,10/1/2011,"1,128",910,"1,280"
Pittsburgh,Pittsburgh,11/1/2011,"1,115",896,"1,256"
Pittsburgh,Pittsburgh,12/1/2011,"1,042",870,"1,166"
Pittsburgh,Pittsburgh,1/1/2012,"1,090",887,"1,204"
Pittsburgh,Pittsburgh,2/1/2012,"1,040",814,"1,166"
Pittsburgh,Pittsburgh,3/1/2012,"1,042",839,"1,162"
Pittsburgh,Pittsburgh,4/1/2012,"1,195",954,"1,342"
Pittsburgh,Pittsburgh,5/1/2012,"1,094",875,"1,207"
Pittsburgh,Pittsburgh,6/1/2012,"1,089",868,"1,214"
Pittsburgh,Pittsburgh,7/1/2012,"1,017",828,"1,152"
Pittsburgh,Pittsburgh,8/1/2012,"1,042",848,"1,187"
Pittsburgh,Pittsburgh,9/1/2012,"1,093",913,"1,228"
Pittsburgh,Pittsburgh,10/1/2012,"1,206","1,067","1,308"
Pittsburgh,Pittsburgh,11/1/2012,"1,231","1,091","1,349"
Pittsburgh,Pittsburgh,12/1/2012,"1,337","1,323","1,394"
Pittsburgh,Pittsburgh,1/1/2013,"1,323","1,341","1,353"
Pittsburgh,Pittsburgh,2/1/2013,"1,327","1,303","1,460"
Pittsburgh,Pittsburgh,3/1/2013,"1,365","1,178","1,561"
Pittsburgh,Pittsburgh,4/1/2013,"1,248","1,123","1,427"
Pittsburgh,Pittsburgh,5/1/2013,"1,368","1,149","1,576"
Pittsburgh,Pittsburgh,6/1/2013,"1,433","1,231","1,608"
Pittsburgh,Pittsburgh,7/1/2013,"1,299","1,178","1,424"
Pittsburgh,Pittsburgh,8/1/2013,"1,296","1,142","1,471"
Pittsburgh,Pittsburgh,9/1/2013,"1,328","1,170","1,481"
Pittsburgh,Pittsburgh,10/1/2013,"1,371","1,211","1,540"
Pittsburgh,Pittsburgh,11/1/2013,"1,339","1,244","1,432"
Pittsburgh,Pittsburgh,12/1/2013,"1,282","1,187","1,347"
Pittsburgh,Pittsburgh,1/1/2014,"1,248","1,115","1,318"
Pittsburgh,Pittsburgh,2/1/2014,"1,233",972,"1,345"
Pittsburgh,Pittsburgh,3/1/2014,"1,180",962,"1,314"
Pittsburgh,Pittsburgh,4/1/2014,"1,162","1,010","1,328"
Pittsburgh,Pittsburgh,5/1/2014,"1,153",964,"1,355"
Pittsburgh,Pittsburgh,6/1/2014,"1,176",996,"1,368"
Pittsburgh,Pittsburgh,7/1/2014,"1,183",995,"1,350"
Pittsburgh,Pittsburgh,8/1/2014,"1,150",978,"1,296"
Pittsburgh,Pittsburgh,9/1/2014,"1,177","1,011","1,341"
Pittsburgh,Pittsburgh,10/1/2014,"1,163","1,005","1,365"
Pittsburgh,Pittsburgh,11/1/2014,"1,179","1,009","1,385"
Pittsburgh,Pittsburgh,12/1/2014,"1,194","1,017","1,359"
Pittsburgh,Pittsburgh,1/1/2015,"1,175","1,014","1,388"
Pittsburgh,Pittsburgh,2/1/2015,"1,185","1,041","1,364"
Pittsburgh,Pittsburgh,3/1/2015,"1,164","1,019","1,363"
Pittsburgh,Pittsburgh,4/1/2015,"1,170","1,027","1,324"
Pittsburgh,Pittsburgh,5/1/2015,"1,206","1,018","1,344"
Pittsburgh,Pittsburgh,6/1/2015,"1,206","1,021","1,381"
Pittsburgh,Pittsburgh,7/1/2015,"1,231","1,068","1,389"
Pittsburgh,Pittsburgh,8/1/2015,"1,278","1,119","1,475"
Pittsburgh,Pittsburgh,9/1/2015,"1,354","1,196","1,580"
Pittsburgh,Pittsburgh,10/1/2015,"1,360","1,205","1,613"
Pittsburgh,Pittsburgh,11/1/2015,"1,333","1,178","1,582"
Pittsburgh,Pittsburgh,12/1/2015,"1,308","1,158","1,482"
Pittsburgh,Pittsburgh,1/1/2016,"1,284","1,129","1,474"
Pittsburgh,Pittsburgh,2/1/2016,"1,306","1,164","1,535"
Pittsburgh,Pittsburgh,3/1/2016,"1,310","1,166","1,566"
Pittsburgh,Pittsburgh,4/1/2016,"1,287","1,146","1,538"
Pittsburgh,Pittsburgh,5/1/2016,"1,304","1,159","1,544"
Pittsburgh,Pittsburgh,6/1/2016,"1,298","1,147","1,562"
Pittsburgh,Pittsburgh,7/1/2016,"1,295","1,163","1,514"
Pittsburgh,Pittsburgh,8/1/2016,"1,298","1,161","1,521"
Pittsburgh,Pittsburgh,9/1/2016,"1,342","1,185","1,547"
Pittsburgh,Pittsburgh,10/1/2016,"1,350","1,200","1,554"
Pittsburgh,Pittsburgh,11/1/2016,"1,367","1,193","1,645"
Pittsburgh,Pittsburgh,12/1/2016,"1,311","1,155","1,523"
Pittsburgh,Pittsburgh,1/1/2017,"1,268","1,105","1,475"
Pittsburgh,Pittsburgh,2/1/2017,"1,251","1,091","1,454"
Pittsburgh,Pittsburgh,3/1/2017,"1,208","1,050","1,391"
Pittsburgh,Pittsburgh,4/1/2017,"1,233","1,081","1,434"
Pittsburgh,Pittsburgh,5/1/2017,"1,242","1,096","1,424"
Pittsburgh,Pittsburgh,6/1/2017,"1,250","1,110","1,426"
Pittsburgh,Pittsburgh,7/1/2017,"1,286","1,140","1,467"
Pittsburgh,Pittsburgh,8/1/2017,"1,275","1,143","1,462"
Pittsburgh,Pittsburgh,9/1/2017,"1,266","1,120","1,445"
Pittsburgh,Pittsburgh,10/1/2017,"1,278","1,131","1,447"
Pittsburgh,Pittsburgh,11/1/2017,"1,250","1,076","1,436"
Pittsburgh,Pittsburgh,12/1/2017,"1,242","1,062","1,410"
Pittsburgh,Pittsburgh,1/1/2018,"1,225","1,046","1,414"
Pittsburgh,Pittsburgh,2/1/2018,"1,223","1,054","1,423"
Pittsburgh,Pittsburgh,3/1/2018,"1,238","1,077","1,432"
Pittsburgh,Pittsburgh,4/1/2018,"1,255","1,102","1,447"
Pittsburgh,Pittsburgh,5/1/2018,"1,324","1,182","1,463"
Pittsburgh,Pittsburgh,6/1/2018,"1,293","1,142","1,430"
Pittsburgh,Pittsburgh,7/1/2018,"1,326","1,165","1,481"
Pittsburgh,Pittsburgh,8/1/2018,"1,346","1,169","1,525"
Pittsburgh,Pittsburgh,9/1/2018,"1,309","1,146","1,474"
Pittsburgh,Pittsburgh,10/1/2018,"1,263","1,115","1,404"
Pittsburgh,Pittsburgh,11/1/2018,"1,258","1,117","1,387"
Pittsburgh,Pittsburgh,12/1/2018,"1,271","1,137","1,396"
Pittsburgh,Pittsburgh,1/1/2019,"1,294","1,142","1,424"
Pittsburgh,Pittsburgh,2/1/2019,"1,292","1,140","1,421"
Pittsburgh,Pittsburgh,3/1/2019,"1,308","1,164","1,452"
Pittsburgh,Pittsburgh,4/1/2019,"1,335","1,207","1,531"
Pittsburgh,Pittsburgh,10/1/2019,"1,357","1,202","1,553"
Pittsburgh,Pittsburgh,11/1/2019,"1,279","1,166","1,465"
Pittsburgh,Pittsburgh,12/1/2019,"1,232","1,110","1,393"
Pittsburgh,Pittsburgh,1/1/2020,"1,216","1,101","1,381"
Pittsburgh,Pittsburgh,3/1/2020,"1,278","1,128","1,443"
Pittsburgh,Pittsburgh,4/1/2020,"1,321","1,150","1,505"
Pittsburgh,Pittsburgh,5/1/2020,"1,398","1,266","1,585"
St. Louis,St. Louis,1/1/2011,757,564,841
St. Louis,St. Louis,2/1/2011,774,574,906
St. Louis,St. Louis,3/1/2011,795,582,916
St. Louis,St. Louis,4/1/2011,787,586,923
St. Louis,St. Louis,5/1/2011,776,618,939
St. Louis,St. Louis,6/1/2011,771,635,943
St. Louis,St. Louis,7/1/2011,788,627,957
St. Louis,St. Louis,8/1/2011,824,640,944
St. Louis,St. Louis,9/1/2011,889,732,"1,020"
St. Louis,St. Louis,10/1/2011,902,743,"1,048"
St. Louis,St. Louis,11/1/2011,911,758,"1,056"
St. Louis,St. Louis,12/1/2011,871,705,"1,005"
St. Louis,St. Louis,1/1/2012,874,715,"1,005"
St. Louis,St. Louis,2/1/2012,854,699,998
St. Louis,St. Louis,3/1/2012,840,691,991
St. Louis,St. Louis,4/1/2012,838,690,973
St. Louis,St. Louis,5/1/2012,851,689,981
St. Louis,St. Louis,6/1/2012,835,698,961
St. Louis,St. Louis,7/1/2012,887,720,"1,038"
St. Louis,St. Louis,8/1/2012,896,722,"1,029"
St. Louis,St. Louis,9/1/2012,856,701,"1,004"
St. Louis,St. Louis,10/1/2012,855,721,981
St. Louis,St. Louis,11/1/2012,859,705,964
St. Louis,St. Louis,12/1/2012,864,706,975
St. Louis,St. Louis,1/1/2013,836,687,959
St. Louis,St. Louis,2/1/2013,866,720,"1,002"
St. Louis,St. Louis,3/1/2013,845,682,992
St. Louis,St. Louis,4/1/2013,852,694,988
St. Louis,St. Louis,5/1/2013,845,692,986
St. Louis,St. Louis,6/1/2013,847,694,981
St. Louis,St. Louis,7/1/2013,855,693,989
St. Louis,St. Louis,8/1/2013,874,724,"1,012"
St. Louis,St. Louis,9/1/2013,876,724,"1,018"
St. Louis,St. Louis,10/1/2013,881,723,"1,021"
St. Louis,St. Louis,11/1/2013,876,716,"1,011"
St. Louis,St. Louis,12/1/2013,878,712,"1,013"
St. Louis,St. Louis,1/1/2014,926,759,"1,058"
St. Louis,St. Louis,2/1/2014,928,768,"1,064"
St. Louis,St. Louis,3/1/2014,886,756,"1,019"
St. Louis,St. Louis,4/1/2014,938,788,"1,098"
St. Louis,St. Louis,5/1/2014,"1,037",861,"1,210"
St. Louis,St. Louis,6/1/2014,"1,078",917,"1,226"
St. Louis,St. Louis,7/1/2014,"1,067",876,"1,207"
St. Louis,St. Louis,8/1/2014,"1,044",847,"1,211"
St. Louis,St. Louis,9/1/2014,"1,059",883,"1,203"
St. Louis,St. Louis,10/1/2014,984,871,"1,142"
St. Louis,St. Louis,11/1/2014,"1,035",884,"1,182"
St. Louis,St. Louis,12/1/2014,"1,020",877,"1,180"
St. Louis,St. Louis,1/1/2015,"1,023",894,"1,208"
St. Louis,St. Louis,2/1/2015,986,864,"1,137"
St. Louis,St. Louis,3/1/2015,996,845,"1,154"
St. Louis,St. Louis,4/1/2015,"1,003",857,"1,127"
St. Louis,St. Louis,5/1/2015,"1,045",915,"1,156"
St. Louis,St. Louis,6/1/2015,"1,022",882,"1,153"
St. Louis,St. Louis,7/1/2015,"1,022",889,"1,147"
St. Louis,St. Louis,8/1/2015,"1,031",912,"1,156"
St. Louis,St. Louis,9/1/2015,"1,043",925,"1,161"
St. Louis,St. Louis,10/1/2015,"1,050",915,"1,188"
St. Louis,St. Louis,11/1/2015,"1,040",895,"1,196"
St. Louis,St. Louis,12/1/2015,"1,023",879,"1,184"
St. Louis,St. Louis,1/1/2016,"1,026",878,"1,194"
St. Louis,St. Louis,2/1/2016,"1,053",928,"1,192"
St. Louis,St. Louis,3/1/2016,"1,072",937,"1,222"
St. Louis,St. Louis,4/1/2016,"1,072",915,"1,244"
St. Louis,St. Louis,5/1/2016,"1,085",921,"1,251"
St. Louis,St. Louis,6/1/2016,"1,106",927,"1,268"
St. Louis,St. Louis,7/1/2016,"1,081",906,"1,229"
St. Louis,St. Louis,8/1/2016,"1,105",922,"1,254"
St. Louis,St. Louis,9/1/2016,"1,147",981,"1,309"
St. Louis,St. Louis,10/1/2016,"1,161",985,"1,353"
St. Louis,St. Louis,11/1/2016,"1,200",998,"1,393"
St. Louis,St. Louis,12/1/2016,"1,181",998,"1,370"
St. Louis,St. Louis,1/1/2017,"1,163",970,"1,337"
St. Louis,St. Louis,2/1/2017,"1,156",962,"1,313"
St. Louis,St. Louis,3/1/2017,"1,167",981,"1,339"
St. Louis,St. Louis,4/1/2017,"1,169",997,"1,326"
St. Louis,St. Louis,5/1/2017,"1,176","1,007","1,334"
St. Louis,St. Louis,6/1/2017,"1,154",996,"1,316"
St. Louis,St. Louis,7/1/2017,"1,138",983,"1,291"
St. Louis,St. Louis,8/1/2017,"1,127",992,"1,262"
St. Louis,St. Louis,9/1/2017,"1,138",995,"1,282"
St. Louis,St. Louis,10/1/2017,"1,131",977,"1,274"
St. Louis,St. Louis,11/1/2017,"1,131",972,"1,272"
St. Louis,St. Louis,12/1/2017,"1,108",956,"1,246"
St. Louis,St. Louis,1/1/2018,"1,109",959,"1,261"
St. Louis,St. Louis,2/1/2018,"1,141",989,"1,310"
St. Louis,St. Louis,3/1/2018,"1,148",992,"1,322"
St. Louis,St. Louis,4/1/2018,"1,205","1,024","1,373"
St. Louis,St. Louis,5/1/2018,"1,280","1,096","1,471"
St. Louis,St. Louis,6/1/2018,"1,296","1,092","1,479"
St. Louis,St. Louis,7/1/2018,"1,263","1,078","1,424"
St. Louis,St. Louis,8/1/2018,"1,271","1,054","1,443"
St. Louis,St. Louis,9/1/2018,"1,293","1,062","1,476"
St. Louis,St. Louis,10/1/2018,"1,254","1,042","1,419"
St. Louis,St. Louis,11/1/2018,"1,232","1,026","1,400"
St. Louis,St. Louis,12/1/2018,"1,236","1,021","1,422"
St. Louis,St. Louis,1/1/2019,"1,258","1,042","1,451"
St. Louis,St. Louis,2/1/2019,"1,252","1,040","1,430"
St. Louis,St. Louis,3/1/2019,"1,271","1,060","1,444"
St. Louis,St. Louis,4/1/2019,"1,304","1,076","1,456"
St. Louis,St. Louis,10/1/2019,"1,233","1,054","1,400"
St. Louis,St. Louis,11/1/2019,"1,195","1,010","1,385"
St. Louis,St. Louis,12/1/2019,"1,151",961,"1,333"
St. Louis,St. Louis,1/1/2020,"1,183",988,"1,410"
St. Louis,St. Louis,3/1/2020,"1,147",973,"1,322"
St. Louis,St. Louis,4/1/2020,"1,173","1,009","1,337"
St. Louis,St. Louis,5/1/2020,"1,278","1,112","1,455"
